CET,Max_TemperatureC,Mean TemperatureC,Min TemperatureC,Dew PointC,MeanDew PointC,Min DewpointC,Max Humidity, Mean Humidity, Min Humidity, Max Sea Level PressurehPa, Mean Sea Level PressurehPa, Min Sea Level PressurehPa, Max VisibilityKm, Mean VisibilityKm, Min VisibilitykM, Max Wind SpeedKm/h, Mean Wind SpeedKm/h, Max Gust SpeedKm/h,Precipitationmm, CloudCover, Events,WindDirDegrees
01/01/2013,9,6,3,6,4,2,100,93,76,1024,1021,1018,11,7,2,10,5,23,1.02,4,Rain,154
02/01/2013,11,6,0,3,2,0,100,81,42,1029,1026,1024,31,6,0,37,10,,0,4,Fog,12
03/01/2013,13,7,0,2,-1,-5,93,66,30,1039,1034,1028,31,31,31,10,5,,0,,,12
04/01/2013,12,4,-3,1,-2,-5,93,70,36,1043,1038,1036,31,31,31,8,5,,0,,,350
05/01/2013,12,4,-3,2,-1,-4,100,81,49,1040,1034,1031,31,15,6,10,5,,0,,,351
06/01/2013,11,3,-4,3,0,-4,100,85,58,1035,1030,1028,10,6,4,11,5,27,0,1,,3
07/01/2013,4,1,-2,4,1,-2,100,99,86,1033,1029,1028,5,2,0,10,5,,0,6,Fog,2
08/01/2013,1,1,1,3,1,-2,100,97,82,1034,1030,1029,9,5,2,10,5,,0,6,,33
09/01/2013,5,2,0,3,1,-1,100,89,69,1032,1027,1026,10,6,3,10,5,,0,6,,22
10/01/2013,11,8,4,8,5,2,100,96,76,1028,1025,1024,8,4,0,8,3,,0,4,Fog,342
11/01/2013,9,6,3,6,6,3,100,91,70,1027,1024,1022,31,6,1,11,5,,0,6,Fog,287
12/01/2013,12,8,4,7,5,4,100,84,57,1022,1018,1014,31,9,1,34,11,50,2.03,4,Fog,217
13/01/2013,8,6,3,5,0,-3,100,68,43,1019,1014,1013,31,11,4,27,21,45,2.03,3,Rain,279
14/01/2013,10,5,0,1,-1,-3,93,63,32,1023,1021,1019,31,12,10,26,13,26,0,2,,268
15/01/2013,11,7,2,1,0,-1,81,60,37,1022,1019,1017,31,20,10,39,19,55,0,1,,270
16/01/2013,10,8,6,8,4,-1,93,76,45,1020,1014,1010,31,11,7,37,23,64,0.51,4,Rain,239
17/01/2013,12,9,5,6,4,3,87,67,47,1016,1014,1011,31,12,10,29,19,42,0,2,,265
18/01/2013,13,11,8,11,9,6,94,86,71,1013,1008,999,31,11,10,42,24,61,0,5,,227
19/01/2013,10,8,6,10,7,1,100,84,61,999,986,980,31,11,5,55,26,85,5.08,5,Rain,210
20/01/2013,9,6,3,6,1,-2,100,69,42,1006,1001,992,31,11,10,32,19,53,0.25,3,Rain,249
21/01/2013,8,6,4,6,-1,-5,100,62,36,1014,1008,1002,31,12,10,35,18,47,0.25,2,Rain,269
22/01/2013,5,2,-1,4,1,-5,100,83,44,1015,1008,1004,31,10,4,24,16,53,3.05,5,Rain-Snow,222
23/01/2013,7,3,-1,5,-1,-4,93,66,42,1017,1013,1006,31,12,10,39,19,63,0,2,Rain,277
24/01/2013,12,8,4,7,2,-3,93,64,29,1016,1012,1008,31,11,10,34,23,53,0,2,Rain,280
25/01/2013,11,6,0,6,2,-2,100,79,56,1020,1016,1015,31,12,10,16,5,32,0,3,,194
26/01/2013,18,10,2,8,1,-7,100,63,14,1021,1018,1015,31,10,0,29,10,42,0,2,Fog,36
27/01/2013,10,6,1,8,3,-2,93,81,64,1024,1019,1015,31,11,8,39,6,60,0.25,5,Rain,272
28/01/2013,13,7,1,2,0,-2,87,66,41,1030,1026,1019,31,19,10,26,13,39,0,1,,184
29/01/2013,12,5,-2,3,1,-3,100,83,50,1033,1030,1029,23,18,11,10,5,,0,,,351
30/01/2013,14,7,-1,6,3,-2,100,83,53,1034,1030,1029,31,16,8,11,5,,0,,,4
31/01/2013,16,8,0,7,4,-1,100,84,54,1036,1032,1030,13,6,3,10,5,,0,,,353
01/02/2013,13,7,0,8,5,1,100,88,59,1032,1024,1014,31,5,0,35,8,53,0.51,4,Fog-Rain,216
02/02/2013,9,7,4,9,1,-3,94,62,35,1024,1017,1012,31,12,10,47,29,61,0.51,3,Rain,320
03/02/2013,9,6,3,-1,-3,-4,65,52,27,1030,1027,1023,31,13,10,39,24,58,0,1,,356
04/02/2013,16,7,-2,4,0,-4,87,66,35,1034,1030,1028,31,13,10,11,5,23,0,1,,195
05/02/2013,16,8,-1,5,2,-2,100,72,29,1030,1025,1020,31,16,10,27,8,34,0,1,,304
06/02/2013,11,8,4,1,-2,-5,81,52,33,1021,1018,1017,31,12,10,53,26,64,0,2,Rain,300
07/02/2013,9,6,2,-3,-4,-6,65,48,25,1026,1023,1020,31,12,10,27,14,,0,3,,352
08/02/2013,10,4,-1,0,-3,-4,80,58,25,1025,1019,1016,31,12,10,42,10,63,0,4,,1
09/02/2013,11,6,1,0,-3,-4,75,55,34,1026,1023,1020,31,12,10,21,11,27,0,3,,346
10/02/2013,10,4,-2,6,0,-4,93,76,40,1027,1016,1008,31,12,7,52,13,74,0,5,Rain,247
11/02/2013,8,6,3,0,-3,-6,81,56,32,1012,1010,1008,31,11,10,40,26,47,0,2,,281
12/02/2013,11,4,-2,0,-3,-5,86,56,28,1020,1015,1012,31,14,10,27,14,42,0,1,,270
13/02/2013,15,8,1,5,2,-1,93,67,45,1024,1021,1019,31,11,10,14,5,,0,3,,24
14/02/2013,16,8,0,5,3,-1,100,73,40,1027,1023,1021,31,23,10,10,5,,0,,,59
15/02/2013,16,8,0,4,2,-2,100,71,38,1025,1021,1019,31,19,10,10,5,,0,1,,346
16/02/2013,13,7,0,5,3,-2,100,77,44,1023,1019,1016,19,15,11,11,5,27,0,8,,18
17/02/2013,11,6,0,7,4,1,100,86,59,1018,1014,1012,19,8,5,21,6,48,0.25,5,Rain,280
18/02/2013,13,9,6,8,6,2,100,82,47,1014,1012,1010,31,8,3,13,6,32,0.25,5,Rain,172
19/02/2013,11,8,4,9,7,3,94,86,70,1013,1011,1009,19,10,7,29,10,,0.76,5,Rain,134
20/02/2013,13,10,7,9,7,5,100,80,55,1014,1013,1012,31,9,3,19,6,39,0,4,Rain,250
21/02/2013,10,8,7,9,6,3,94,81,69,1014,1011,1007,31,11,10,23,14,50,1.02,5,Rain,225
22/02/2013,12,9,6,8,6,4,100,82,53,1007,1003,999,31,10,5,29,14,50,2.03,5,Rain,232
23/02/2013,6,3,1,5,-3,-8,93,61,28,1017,1008,999,31,13,10,45,24,58,0,2,,360
24/02/2013,8,3,-2,2,-4,-8,100,62,25,1022,1018,1016,31,13,10,29,8,47,0,2,Rain,325
25/02/2013,8,4,0,-3,-6,-8,70,52,25,1023,1020,1019,31,12,10,32,16,53,0,2,,6
26/02/2013,8,3,-2,-2,-4,-6,75,56,34,1024,1020,1017,31,12,10,21,10,,0,3,,356
27/02/2013,6,3,1,0,-2,-4,81,66,46,1020,1017,1014,31,11,4,19,6,,0,5,Rain-Snow,87
28/02/2013,5,3,2,2,-1,-4,87,71,50,1016,1012,1009,31,11,10,29,16,52,0.76,5,Rain-Snow,24
01/03/2013,13,8,2,1,-1,-3,75,55,29,1018,1013,1010,31,12,10,26,13,,0,3,,24
02/03/2013,14,6,-3,1,-1,-4,100,64,36,1021,1017,1015,31,12,10,10,3,23,0,3,,359
03/03/2013,14,8,3,4,2,0,87,64,38,1018,1014,1011,31,12,10,21,8,27,0,2,,120
04/03/2013,13,9,4,8,4,2,100,73,39,1011,1003,999,31,11,8,39,10,61,7.11,6,Rain,98
05/03/2013,14,11,7,11,9,7,100,94,68,999,996,995,31,10,4,23,8,50,7.87,5,Rain,142
06/03/2013,15,11,7,12,9,7,100,87,61,1004,998,996,31,9,3,37,8,53,0.51,5,Fog-Rain,219
07/03/2013,16,13,9,14,11,8,100,90,62,1004,1002,999,31,9,2,61,19,87,8.89,5,Rain-Thunderstorm,195
08/03/2013,11,10,8,10,8,7,100,90,76,1009,1008,1005,31,10,3,27,14,47,7.87,5,Rain,209
09/03/2013,14,11,7,9,6,4,100,79,48,1010,1007,1005,31,10,2,29,13,71,4.06,4,Rain,213
10/03/2013,12,9,7,7,5,3,100,77,54,1008,1006,1005,31,11,2,37,18,60,0,3,Rain,227
11/03/2013,13,9,6,5,4,3,93,73,51,1008,1006,1004,31,11,10,42,26,64,0,2,,240
12/03/2013,12,8,4,5,2,0,87,66,41,1008,1004,1000,31,12,10,29,14,53,0,2,,230
13/03/2013,7,4,2,0,-4,-9,70,51,22,1014,1006,999,31,12,10,40,24,63,0,2,,333
14/03/2013,10,4,-1,-2,-4,-6,75,50,25,1019,1016,1014,31,12,10,32,14,45,0,2,,318
15/03/2013,13,6,-1,0,-3,-5,86,53,24,1021,1017,1015,31,15,10,14,6,,0,1,,154
16/03/2013,11,8,6,4,2,-2,87,66,48,1015,1011,1008,31,11,10,23,10,48,0.51,5,Rain,196
17/03/2013,11,8,6,9,7,4,100,92,71,1008,1001,998,31,9,2,19,8,47,3.05,5,Rain,257
18/03/2013,13,8,4,3,0,-4,81,55,31,1008,1006,1000,31,12,10,29,19,50,0,1,,257
19/03/2013,12,6,0,8,4,-2,100,87,51,1009,1004,1000,31,10,3,23,6,39,0.51,4,Rain,321
20/03/2013,14,9,3,7,3,1,100,70,35,1019,1011,1001,31,11,3,19,6,37,0,3,,190
21/03/2013,15,8,1,5,3,-1,100,71,42,1021,1016,1012,31,18,10,13,8,32,0,2,,22
22/03/2013,12,7,2,9,6,1,100,83,56,1012,1008,1007,31,11,3,24,10,50,0.76,4,Rain,252
23/03/2013,14,9,4,8,6,2,100,82,44,1009,1004,1001,31,10,5,26,8,55,2.03,4,Rain,174
24/03/2013,14,10,7,7,6,4,100,79,46,1009,1004,1002,31,11,6,35,10,58,1.02,4,Rain,255
25/03/2013,12,8,5,10,6,1,94,78,56,1013,1009,1007,31,11,10,47,21,72,0.51,5,Rain,234
26/03/2013,14,11,9,12,11,9,100,89,71,1008,1006,1003,31,11,8,45,23,69,2.03,5,Rain,237
27/03/2013,16,12,9,10,9,7,100,81,49,1005,1003,1002,31,11,3,35,16,53,0.51,4,Rain,222
28/03/2013,16,13,10,10,8,7,94,74,53,1013,1008,1005,31,11,10,35,18,61,0,3,Rain,241
29/03/2013,15,12,9,13,11,7,100,88,64,1013,1011,1006,31,11,4,39,26,52,2.03,5,Rain,225
30/03/2013,17,13,9,11,5,1,88,57,28,1014,1012,1010,31,11,10,35,21,52,0,3,,270
31/03/2013,16,11,7,11,8,5,100,82,52,1013,1007,999,26,10,7,23,13,48,4.06,4,Rain,199
01/04/2013,13,11,8,11,6,1,100,71,35,1008,1003,999,31,11,3,42,14,48,6.1,3,Rain-Thunderstorm,265
02/04/2013,14,10,5,6,4,2,87,66,44,1011,1009,1008,31,11,3,24,16,48,0.25,2,Rain,248
03/04/2013,14,9,3,9,6,2,100,84,43,1011,1005,1001,31,11,4,34,6,53,6.1,4,Rain,217
04/04/2013,14,10,6,8,6,4,100,80,41,1003,1001,1000,31,11,5,29,11,40,0.25,4,Rain,215
05/04/2013,10,7,4,7,2,-4,100,70,29,1013,1006,1002,31,11,6,29,14,,0,4,Rain,29
06/04/2013,11,6,0,0,-2,-4,81,56,31,1020,1017,1014,31,12,10,23,11,34,0,2,,348
07/04/2013,13,6,-2,3,0,-3,100,66,36,1023,1017,1014,31,17,10,16,6,39,0,3,,214
08/04/2013,15,11,8,8,4,0,87,60,31,1014,1012,1011,31,12,10,29,19,47,0,3,Rain,259
09/04/2013,14,11,7,9,6,3,82,69,53,1016,1013,1012,31,12,10,35,26,63,0,1,,238
10/04/2013,17,13,9,11,9,7,94,76,56,1019,1017,1016,31,12,10,39,19,58,0,3,,228
11/04/2013,17,14,11,12,9,5,94,73,42,1018,1015,1013,31,11,10,42,18,72,0,3,,217
12/04/2013,16,11,5,9,5,0,100,65,30,1019,1017,1016,31,12,10,24,16,61,0,2,,227
13/04/2013,22,12,3,7,5,2,100,64,22,1024,1021,1018,31,27,18,10,5,,0,,,14
14/04/2013,26,16,6,10,6,2,81,53,21,1024,1021,1015,31,31,31,23,8,39,0,,,136
15/04/2013,24,17,9,12,8,5,82,55,34,1024,1022,1019,31,15,10,23,10,63,0,1,,193
16/04/2013,25,17,9,12,9,5,94,62,21,1023,1022,1017,31,24,14,16,6,39,0,,,264
17/04/2013,28,18,9,12,8,5,94,55,18,1023,1021,1016,31,31,31,23,8,39,0,,,282
18/04/2013,27,17,8,13,7,-2,93,52,9,1022,1020,1014,31,21,10,23,8,42,0,1,,263
19/04/2013,18,14,10,9,5,-2,82,55,23,1025,1021,1018,31,17,10,26,11,50,0,2,,48
20/04/2013,20,11,2,0,-3,-6,65,39,10,1028,1023,1017,31,30,27,24,13,39,0,,,50
21/04/2013,21,12,2,1,-2,-5,70,39,13,1022,1019,1014,31,31,31,19,8,26,0,,,16
22/04/2013,19,14,9,2,-2,-6,47,33,15,1019,1017,1013,31,29,26,27,11,,0,,,42
23/04/2013,21,13,5,5,2,1,81,49,17,1023,1021,1017,31,17,10,14,10,26,0,1,,18
24/04/2013,22,13,4,6,3,0,87,51,19,1026,1022,1017,31,14,10,14,6,,0,1,,5
25/04/2013,21,13,6,9,3,-8,66,46,33,1023,1019,1015,31,12,10,24,11,50,0,3,,28
26/04/2013,19,15,11,11,9,8,82,66,42,1019,1015,1011,31,12,10,21,11,,6.1,2,Rain,18
27/04/2013,14,10,6,11,3,-4,100,65,26,1012,1009,1006,31,11,5,37,14,50,6.1,5,Rain,17
28/04/2013,8,5,2,1,-1,-4,75,63,46,1011,1009,1008,31,12,10,29,18,53,0,4,Rain,32
29/04/2013,12,7,3,8,4,0,100,81,55,1011,1009,1007,31,11,7,32,19,63,1.02,5,Rain,38
30/04/2013,14,10,6,7,4,3,93,72,51,1013,1011,1010,31,11,8,14,8,,1.02,4,Rain,32
01/05/2013,15,11,6,9,7,4,100,80,40,1018,1016,1013,31,10,7,14,5,47,0,3,Rain,40
02/05/2013,17,9,2,8,4,1,100,70,32,1021,1018,1017,31,12,10,14,6,,0,4,,357
03/05/2013,20,12,4,6,4,2,87,59,28,1022,1019,1017,31,12,10,13,8,,0,2,,9
04/05/2013,22,13,5,8,4,2,87,54,23,1022,1019,1016,31,13,10,13,6,,0,1,,33
05/05/2013,24,14,5,7,4,1,81,48,18,1022,1020,1016,31,17,10,14,6,,0,1,,350
06/05/2013,24,16,7,8,5,2,81,50,20,1023,1021,1017,31,19,10,34,11,53,0,1,Rain,279
07/05/2013,24,19,13,10,8,6,72,50,31,1022,1020,1017,31,12,10,26,11,58,0,2,,210
08/05/2013,25,20,15,12,9,3,77,49,25,1019,1017,1014,31,16,10,26,8,42,0,2,,221
09/05/2013,25,19,13,12,11,7,82,59,30,1018,1016,1014,31,12,10,40,11,55,0,3,,252
10/05/2013,25,19,13,12,9,6,82,56,25,1019,1018,1014,31,12,10,24,8,39,0,3,,287
11/05/2013,25,17,9,9,5,-4,82,46,9,1020,1019,1015,31,12,10,23,6,26,0,1,,334
12/05/2013,26,17,8,5,2,-2,71,38,10,1023,1020,1015,31,16,10,21,10,35,0,1,,9
13/05/2013,27,18,8,11,5,1,71,42,12,1022,1019,1012,31,14,10,16,8,26,0,1,,269
14/05/2013,24,19,14,13,11,5,82,67,35,1016,1011,1005,31,12,9,35,11,34,3.05,2,Rain-Thunderstorm,171
15/05/2013,13,10,8,13,8,4,100,79,52,1007,1003,1001,31,11,10,21,10,32,0.51,4,Rain,108
16/05/2013,15,9,3,6,2,-2,100,63,21,1006,1003,1000,31,12,10,35,10,40,0,2,Thunderstorm,269
17/05/2013,11,9,7,7,5,2,93,75,54,1002,1000,999,31,10,6,26,16,53,6.1,5,Rain,234
18/05/2013,14,10,6,7,4,1,93,71,31,1014,1007,1003,31,11,8,34,16,50,3.05,4,Rain,249
19/05/2013,15,11,6,6,3,0,93,62,31,1018,1016,1014,31,11,10,24,13,37,0.76,2,Rain-Thunderstorm,244
20/05/2013,17,9,2,7,4,0,100,74,26,1020,1018,1017,31,12,10,16,6,37,0.51,2,Rain,1
21/05/2013,19,11,4,7,5,2,100,64,29,1021,1018,1016,31,12,10,26,10,45,0,2,,360
22/05/2013,23,15,7,8,6,3,87,53,24,1020,1018,1015,31,12,10,34,11,37,0,2,,349
23/05/2013,24,15,6,6,4,3,81,49,21,1020,1017,1013,31,20,10,24,11,40,0,1,,21
24/05/2013,24,16,7,6,3,-4,76,45,9,1018,1016,1013,31,20,10,19,6,,0,1,,28
25/05/2013,26,16,4,3,1,-3,81,38,10,1019,1017,1012,31,26,10,24,6,29,0,1,,75
26/05/2013,25,17,8,11,6,0,77,54,28,1018,1015,1010,31,12,10,35,11,47,0.51,3,Rain,91
27/05/2013,22,15,8,11,8,0,100,65,19,1013,1010,1008,31,12,7,29,10,60,1.02,2,Rain-Thunderstorm,192
28/05/2013,20,16,12,7,3,-3,67,43,14,1013,1010,1009,31,12,10,34,16,50,0,3,,272
29/05/2013,19,13,8,9,1,-3,93,45,16,1015,1013,1011,31,12,7,34,18,52,5.08,2,Rain,302
30/05/2013,21,13,5,8,5,2,100,64,26,1020,1017,1014,31,11,9,21,6,37,4.06,3,Rain,3
31/05/2013,20,13,6,7,4,0,93,53,21,1022,1020,1018,31,14,10,40,13,53,0,3,,14
01/06/2013,24,16,8,6,4,2,76,45,16,1023,1021,1016,31,31,31,23,11,42,0,,,31
02/06/2013,24,17,9,7,5,3,67,46,20,1022,1020,1015,31,15,10,23,14,42,0,1,,40
03/06/2013,27,18,9,7,4,2,71,44,19,1021,1018,1015,31,31,31,19,11,40,0,,,23
04/06/2013,29,19,9,8,5,0,72,39,8,1016,1014,1007,31,31,31,16,8,40,0,,,270
05/06/2013,31,21,12,9,6,2,67,38,14,1015,1013,1008,31,13,10,47,8,,0,1,,30
06/06/2013,26,21,15,14,9,5,88,49,18,1016,1015,1011,31,12,2,37,13,52,0,1,Rain,210
07/06/2013,21,18,14,11,8,4,77,54,30,1017,1016,1014,31,11,10,29,14,52,0,3,Rain,211
08/06/2013,21,16,10,8,6,3,77,55,23,1016,1015,1012,31,12,10,32,18,50,0,3,Rain,226
09/06/2013,23,17,11,14,9,6,94,63,41,1017,1014,1013,31,11,6,27,16,50,1.02,3,Rain,250
10/06/2013,26,18,11,14,11,7,100,67,28,1019,1018,1016,31,11,8,23,8,40,0,1,,194
11/06/2013,30,21,12,12,11,9,88,51,18,1021,1020,1015,31,13,10,19,6,37,0,2,,217
12/06/2013,33,23,14,13,11,9,77,44,14,1023,1021,1014,31,16,6,14,5,34,0,1,,263
13/06/2013,34,25,16,14,11,7,73,40,12,1020,1018,1011,31,15,10,32,11,47,0,1,,233
14/06/2013,34,25,16,15,10,1,83,40,11,1018,1016,1010,31,15,10,32,11,58,0,1,,250
15/06/2013,34,24,14,8,4,-2,55,26,4,1018,1016,1009,31,31,31,23,10,39,0,,,263
16/06/2013,35,24,14,8,4,-1,59,28,5,1016,1013,1005,31,30,29,32,10,47,0,,,250
17/06/2013,25,21,17,12,6,0,60,36,13,1013,1010,1007,31,13,10,32,16,58,0,2,,210
18/06/2013,22,16,11,7,4,1,67,45,25,1013,1011,1009,31,13,10,29,16,50,0,3,,225
19/06/2013,21,15,9,7,6,4,76,53,28,1018,1015,1013,31,12,10,24,10,29,0,3,,12
20/06/2013,28,19,9,9,7,3,87,48,14,1019,1017,1013,31,11,10,16,6,32,0,2,,320
21/06/2013,29,21,14,12,7,3,55,39,14,1021,1018,1014,31,13,10,23,6,39,0,1,Thunderstorm,3
22/06/2013,32,22,12,12,9,6,88,47,11,1024,1022,1015,31,20,10,10,5,,0,1,,346
23/06/2013,33,24,16,11,7,-3,68,36,6,1023,1020,1016,31,28,23,29,8,,0,,,359
24/06/2013,32,21,10,7,-1,-9,62,29,4,1025,1023,1015,31,31,31,19,13,,0,,,36
25/06/2013,33,23,14,7,-1,-6,38,20,4,1024,1022,1015,31,28,23,19,10,37,0,,,16
26/06/2013,33,24,16,8,4,-1,45,28,6,1024,1022,1014,31,31,31,19,13,,0,,,10
27/06/2013,33,24,17,9,7,4,52,32,11,1024,1021,1014,31,13,10,21,8,37,0,1,,53
28/06/2013,32,23,14,6,2,-2,36,24,5,1024,1023,1017,31,28,23,24,11,45,0,,,23
29/06/2013,33,24,16,8,7,3,55,33,8,1027,1024,1016,31,31,31,24,13,42,0,,,42
30/06/2013,35,26,16,8,5,1,48,28,11,1024,1021,1016,31,17,10,16,8,,0,1,,336
01/07/2013,35,26,17,9,6,4,46,28,11,1018,1016,1009,31,14,10,35,8,58,0,1,,68
02/07/2013,34,27,20,12,9,3,56,34,8,1018,1016,1010,31,14,10,21,10,53,0,1,,206
03/07/2013,36,26,17,12,8,3,52,30,8,1020,1018,1013,31,17,10,24,6,,0,1,,3
04/07/2013,37,28,20,15,11,5,64,36,8,1023,1021,1013,31,31,31,21,13,45,0,,,32
05/07/2013,38,29,19,10,7,4,36,24,7,1024,1022,1014,31,17,10,23,11,42,0,1,,109
06/07/2013,37,29,21,11,8,7,44,27,9,1025,1022,1014,31,31,31,11,6,55,0,,,135
07/07/2013,38,29,19,10,7,3,46,25,6,1024,1021,1013,31,31,31,13,8,,0,,,139
08/07/2013,38,28,19,10,6,3,46,24,7,1022,1020,1015,31,26,18,14,8,,0,,,18
09/07/2013,37,28,20,12,9,5,46,30,11,1020,1017,1009,31,14,10,29,8,34,0.51,2,Rain-Thunderstorm,109
10/07/2013,36,27,18,12,9,1,64,34,6,1018,1014,1006,31,19,10,45,11,71,0,3,,131
11/07/2013,36,28,19,11,9,3,60,30,7,1015,1012,1006,31,22,10,16,8,34,0,1,,352
12/07/2013,37,29,21,14,8,-1,57,27,5,1016,1013,1007,31,27,10,35,10,50,0,1,,145
13/07/2013,35,27,18,11,4,-3,49,22,4,1018,1015,1010,31,29,18,35,13,47,0,,,201
14/07/2013,34,27,19,12,7,1,56,28,6,1019,1016,1011,31,21,10,40,13,55,0,1,,284
15/07/2013,34,27,18,12,9,4,60,32,8,1022,1019,1013,31,22,10,35,10,40,0,1,,90
16/07/2013,35,27,19,13,9,1,60,32,6,1022,1019,1013,31,22,10,29,10,45,0,1,,290
17/07/2013,36,27,19,14,10,1,64,35,5,1022,1019,1013,31,19,10,35,11,40,0,1,,350
18/07/2013,35,27,18,13,10,4,64,38,12,1021,1019,1012,31,14,10,26,11,40,0,1,,331
19/07/2013,36,27,18,13,9,2,60,33,6,1018,1016,1008,31,14,10,21,10,55,0,2,,288
20/07/2013,36,28,19,13,9,3,57,31,8,1016,1014,1007,31,12,10,21,8,45,0,1,,151
21/07/2013,33,27,21,15,11,8,64,40,16,1019,1017,1013,31,12,10,40,10,47,0,2,Thunderstorm,38
22/07/2013,34,24,15,13,11,7,82,45,11,1020,1017,1009,31,13,10,23,6,35,0,2,,226
23/07/2013,34,27,19,12,9,3,56,31,8,1017,1015,1009,31,15,10,24,10,47,0,1,,233
24/07/2013,36,27,18,8,6,2,49,27,6,1019,1017,1010,31,30,27,23,8,40,0,,,265
25/07/2013,37,27,17,10,8,5,49,27,11,1018,1016,1011,31,17,10,26,10,61,0,1,,239
26/07/2013,35,27,19,12,8,1,56,30,6,1015,1013,1005,31,14,10,35,10,47,0,1,,194
27/07/2013,25,22,19,12,8,5,53,39,20,1014,1012,1008,31,13,10,29,11,53,0,3,Rain,206
28/07/2013,27,22,18,9,7,0,52,37,10,1021,1016,1012,31,12,10,32,16,50,0,2,,231
29/07/2013,30,21,11,9,6,-1,77,40,7,1025,1023,1019,31,16,10,14,5,42,0,1,,239
30/07/2013,35,24,13,5,3,-1,51,26,5,1026,1024,1016,31,31,31,14,6,,0,,,36
31/07/2013,38,28,17,10,5,1,43,24,6,1022,1019,1009,31,31,31,23,10,52,0,,,109
01/08/2013,39,28,18,8,6,4,43,24,7,1017,1015,1010,31,29,27,23,11,40,0,,,196
02/08/2013,35,28,22,10,9,5,43,27,10,1018,1015,1010,31,26,18,29,16,55,0,,,199
03/08/2013,34,26,17,8,4,-4,43,24,4,1020,1018,1012,31,31,31,27,11,61,0,,,270
04/08/2013,36,24,14,5,1,-4,42,21,4,1022,1019,1012,31,31,31,16,6,45,0,,,319
05/08/2013,36,26,15,9,3,-2,45,23,4,1018,1016,1009,31,31,31,24,10,45,0,,,257
06/08/2013,33,25,17,10,6,0,42,26,7,1016,1015,1008,31,31,31,34,11,55,0,,,232
07/08/2013,31,25,19,13,8,5,64,34,13,1015,1012,1007,31,14,10,29,10,48,0,2,Rain,271
08/08/2013,31,23,16,10,7,2,63,37,15,1024,1020,1015,31,20,10,16,8,32,0,1,,41
09/08/2013,34,24,14,9,7,5,63,37,13,1026,1024,1021,31,31,31,21,10,24,0,,,20
10/08/2013,37,27,17,10,7,1,49,27,9,1023,1021,1013,31,31,31,14,8,32,0,,,340
11/08/2013,38,28,18,9,5,-1,33,21,6,1021,1018,1009,31,31,31,16,8,37,0,,,308
12/08/2013,37,29,21,15,8,5,57,29,9,1017,1015,1008,31,12,10,27,8,35,1.02,2,Rain,34
13/08/2013,35,28,20,13,10,5,56,35,8,1019,1016,1010,31,18,10,23,10,35,0,2,,25
14/08/2013,36,28,20,13,10,6,60,34,9,1020,1018,1011,31,15,10,13,8,40,0,1,,122
15/08/2013,36,28,20,14,11,8,53,34,17,1020,1018,1014,31,12,10,16,10,,0,3,,332
16/08/2013,37,29,21,13,9,-2,57,31,4,1019,1017,1010,31,16,10,34,10,58,0,1,Thunderstorm,174
17/08/2013,36,27,18,14,9,4,64,35,9,1020,1017,1010,31,15,10,16,8,40,0,2,,25
18/08/2013,36,28,19,16,11,4,64,36,8,1020,1017,1011,31,20,10,16,6,35,0,1,,163
19/08/2013,37,28,18,12,8,6,46,28,8,1021,1019,1012,31,15,10,23,8,66,0,1,,327
20/08/2013,37,29,20,15,11,4,64,36,9,1023,1020,1012,31,31,31,16,10,37,0,,,24
21/08/2013,38,29,20,15,8,0,48,26,7,1021,1019,1010,31,31,31,21,6,39,0,,,221
22/08/2013,36,27,18,10,5,1,43,24,6,1017,1015,1008,31,25,14,27,8,52,0,,,215
23/08/2013,36,26,16,9,2,-1,38,22,5,1016,1014,1008,31,27,23,11,6,34,0,,,6
24/08/2013,34,26,18,16,10,0,60,37,14,1017,1015,1011,27,12,10,24,6,47,0,1,,25
25/08/2013,33,24,17,14,8,1,59,38,7,1017,1014,1005,31,14,10,23,14,42,0,1,,6
26/08/2013,32,24,17,14,10,5,64,41,13,1012,1011,1005,31,12,10,21,13,39,0,1,,24
27/08/2013,32,24,17,14,10,3,63,39,12,1016,1013,1008,31,15,10,35,10,37,0,2,,2
28/08/2013,29,23,18,16,10,6,88,46,22,1019,1015,1011,31,15,5,63,14,84,6.1,3,Rain-Thunderstorm,31
29/08/2013,28,22,16,13,10,7,68,51,21,1021,1019,1016,31,12,10,26,10,,0,2,Rain-Thunderstorm,55
30/08/2013,30,22,14,13,9,4,72,46,13,1022,1021,1015,31,13,10,23,6,,0,2,,21
31/08/2013,31,22,14,12,8,1,72,43,8,1024,1022,1016,31,13,10,16,6,35,0,1,,160
01/09/2013,32,24,16,11,7,1,59,35,8,1024,1022,1016,31,15,10,16,10,35,0,1,,35
02/09/2013,32,24,17,10,7,2,59,33,8,1025,1023,1017,31,31,31,14,6,27,0,,,21
03/09/2013,34,24,15,10,6,3,46,31,9,1025,1022,1015,31,19,10,14,6,29,0,1,,150
04/09/2013,33,24,16,9,6,2,49,31,11,1023,1020,1012,31,31,31,14,6,37,0,,,124
05/09/2013,30,23,17,13,10,4,73,45,12,1018,1015,1008,31,13,10,21,10,37,0,1,Thunderstorm,141
06/09/2013,29,23,18,13,11,8,68,46,22,1015,1013,1010,31,13,10,26,8,47,0,2,,233
07/09/2013,27,21,15,17,10,6,78,50,19,1017,1015,1011,31,11,10,27,10,61,0,2,Rain-Thunderstorm,298
08/09/2013,28,21,14,15,11,4,94,60,14,1023,1020,1016,31,11,10,21,6,40,0,1,Rain,272
09/09/2013,30,21,12,11,5,-3,77,42,7,1026,1023,1018,31,31,31,16,6,29,0,,,352
10/09/2013,31,22,13,11,7,3,63,38,11,1023,1020,1013,31,16,10,16,8,27,0,1,,12
11/09/2013,26,19,13,12,9,5,82,54,20,1023,1020,1015,31,12,9,21,14,40,2.03,3,Rain-Thunderstorm,19
12/09/2013,28,19,11,12,7,3,72,46,13,1023,1021,1016,31,24,10,16,10,,0,1,,348
13/09/2013,30,21,13,13,7,2,67,42,11,1024,1022,1017,31,19,10,13,8,24,0,1,,312
14/09/2013,31,22,13,12,7,3,63,40,11,1022,1020,1013,31,20,10,132,8,27,0,1,,272
15/09/2013,31,22,13,10,7,5,59,38,18,1018,1016,1013,31,31,31,21,6,32,0,,,347
16/09/2013,32,22,12,6,4,2,58,32,10,1017,1015,1008,31,29,26,19,6,27,0,,,322
17/09/2013,31,22,13,10,6,4,59,37,15,1016,1014,1010,31,31,31,23,5,,0,,,9
18/09/2013,30,21,13,8,7,1,63,38,9,1017,1016,1011,31,18,10,19,8,,0,1,,2
19/09/2013,30,22,15,10,7,2,63,38,12,1019,1017,1013,31,31,31,26,8,32,0,,,14
20/09/2013,31,22,13,10,8,5,72,41,14,1021,1020,1015,31,31,31,14,10,34,0,,,12
21/09/2013,31,24,17,10,8,2,59,38,10,1024,1022,1017,31,31,31,14,8,34,0,,,22
22/09/2013,32,22,13,13,7,2,55,37,16,1025,1023,1017,31,14,10,13,8,39,0,1,,309
23/09/2013,32,23,14,13,9,6,63,42,15,1022,1020,1013,31,15,10,13,6,39,0,1,,260
24/09/2013,32,23,14,11,8,7,63,40,17,1019,1016,1011,31,31,31,14,6,37,0,,,266
25/09/2013,31,22,14,12,9,8,63,42,19,1016,1014,1009,31,15,10,19,6,53,0,1,,280
26/09/2013,31,22,14,11,9,8,72,44,21,1017,1015,1009,31,15,10,19,5,37,0,1,,346
27/09/2013,27,23,18,12,11,9,60,45,29,1015,1013,1007,31,12,10,35,11,58,0,2,Rain,175
28/09/2013,23,20,17,16,13,10,94,68,46,1010,1009,1007,31,9,2,52,19,60,9.91,5,Rain,199
29/09/2013,22,19,15,15,14,13,94,75,50,1013,1011,1008,31,12,10,37,21,53,0,4,,233
30/09/2013,22,19,17,19,16,13,100,81,62,1013,1011,1009,31,11,10,21,14,48,0.51,5,Rain,202
01/10/2013,24,22,19,19,16,12,100,74,42,1014,1013,1010,31,11,6,37,16,69,0.25,4,Rain,217
02/10/2013,26,21,15,16,15,14,94,72,45,1014,1013,1008,31,11,10,11,5,32,0,2,,152
03/10/2013,25,21,18,18,16,14,100,73,43,1016,1013,1008,31,11,10,19,8,47,0,4,Rain,217
04/10/2013,24,21,17,18,14,8,100,74,36,1021,1017,1013,31,11,2,27,10,50,2.03,3,Rain-Thunderstorm,230
05/10/2013,25,18,11,12,9,5,100,63,29,1025,1023,1021,31,13,10,11,3,,0,1,,359
06/10/2013,24,18,11,10,8,5,82,53,23,1026,1024,1020,31,13,10,16,10,,0,2,,18
07/10/2013,25,18,10,8,6,3,82,52,22,1023,1022,1019,31,31,31,21,10,,0,,,352
08/10/2013,26,17,8,12,8,5,94,59,24,1024,1022,1019,31,17,10,13,5,24,0,2,,336
09/10/2013,26,18,10,12,8,4,76,54,24,1024,1021,1016,31,12,10,13,6,,0,2,,344
10/10/2013,26,18,9,11,7,0,93,57,17,1020,1017,1012,31,31,31,19,5,45,0,,,319
11/10/2013,24,17,9,7,6,3,82,52,19,1016,1014,1010,31,19,10,21,6,45,0,1,,330
12/10/2013,22,14,7,6,4,1,81,49,22,1019,1017,1015,31,31,31,19,8,45,0,,,314
13/10/2013,19,13,6,9,7,4,87,67,45,1023,1021,1018,31,13,10,14,6,40,0,5,,240
14/10/2013,23,15,7,11,9,7,100,69,39,1023,1021,1019,31,13,10,16,6,40,0,1,,239
15/10/2013,23,17,10,12,11,9,100,71,44,1023,1021,1019,31,12,10,21,8,53,0,2,Rain,201
16/10/2013,25,18,10,14,12,10,100,74,43,1024,1023,1019,31,10,5,11,5,35,0,3,Fog,137
17/10/2013,27,19,11,12,11,9,100,66,31,1023,1020,1014,31,29,26,13,5,26,0,,,340
18/10/2013,27,18,10,12,8,5,94,59,18,1017,1016,1012,31,31,31,23,6,58,0,,,319
19/10/2013,23,18,13,16,11,7,100,66,42,1019,1017,1015,31,11,5,23,6,50,0,3,Rain-Thunderstorm,188
20/10/2013,21,18,14,16,12,8,100,76,43,1021,1019,1017,31,11,6,26,8,53,0,3,Rain,232
21/10/2013,22,16,9,11,9,8,100,72,43,1021,1018,1013,31,13,10,16,6,35,0,2,,190
22/10/2013,16,13,11,15,12,8,100,84,60,1014,1012,1010,31,10,5,23,10,50,4.06,5,Rain,170
23/10/2013,21,17,13,14,12,10,100,81,52,1019,1016,1013,31,11,6,24,11,48,0,5,,194
24/10/2013,21,16,12,16,14,12,100,88,68,1018,1016,1011,31,10,3,32,8,55,1.02,5,Rain,161
25/10/2013,18,16,14,16,16,14,100,97,83,1016,1014,1013,31,9,4,21,10,37,6.1,4,Rain,156
26/10/2013,20,17,14,15,13,10,100,83,52,1023,1019,1016,31,10,6,16,6,39,0.25,3,Rain,191
27/10/2013,21,14,8,12,11,8,100,79,46,1027,1025,1023,31,13,10,14,5,26,0,1,,209
28/10/2013,21,14,8,12,10,7,100,75,46,1023,1020,1016,31,23,19,21,8,47,0,8,,287
29/10/2013,16,11,7,9,3,-1,81,58,28,1024,1021,1019,31,14,10,29,10,,0,2,,13
30/10/2013,17,10,4,3,2,1,87,60,31,1026,1023,1021,31,14,10,21,6,,0,1,,11
31/10/2013,19,10,1,3,1,-3,100,62,14,1026,1024,1022,31,31,31,8,3,,0,,,23
01/11/2013,18,10,3,5,3,0,93,62,28,1027,1024,1022,31,29,26,14,5,39,0,,,232
02/11/2013,19,12,6,11,8,5,100,76,47,1023,1021,1018,31,23,16,16,6,48,0,,,216
03/11/2013,17,12,8,11,10,8,100,88,59,1022,1020,1019,31,7,0,14,5,40,0,5,Fog,180
04/11/2013,16,12,9,12,10,7,100,82,67,1020,1015,1013,31,11,10,35,14,53,0,4,,211
05/11/2013,23,18,14,13,11,10,94,61,43,1022,1018,1014,31,12,10,37,23,55,0,2,,266
06/11/2013,22,16,9,12,11,8,100,78,44,1024,1022,1019,31,13,10,11,5,32,0,3,,179
07/11/2013,17,14,11,12,11,8,100,84,59,1022,1021,1019,31,9,0,14,8,29,0,6,Fog,246
08/11/2013,16,12,8,12,9,4,100,81,51,1022,1020,1019,31,11,9,24,8,45,0,4,,198
09/11/2013,16,11,6,6,3,-4,87,57,27,1027,1024,1022,31,13,10,26,8,40,0,3,,260
10/11/2013,19,13,7,7,6,4,93,66,35,1029,1027,1026,31,13,10,13,5,,0,1,,131
11/11/2013,21,13,6,9,6,4,93,65,33,1029,1026,1024,31,31,31,24,6,,0,,,2
12/11/2013,22,14,7,9,8,5,93,65,34,1026,1023,1019,31,29,10,19,6,,0,1,,15
13/11/2013,19,15,11,8,7,5,77,58,32,1025,1022,1020,31,18,10,24,16,48,0,1,,38
14/11/2013,18,12,6,6,2,-1,76,52,18,1029,1027,1024,31,31,31,34,11,35,0,,,38
15/11/2013,13,8,4,2,-1,-4,75,48,23,1029,1022,1018,31,18,10,42,18,61,0,2,,1
16/11/2013,8,4,2,3,1,-3,100,76,40,1021,1019,1017,31,17,6,23,6,,2.03,5,Rain,22
17/11/2013,7,4,2,7,5,3,100,94,85,1020,1015,1012,31,11,3,13,5,32,9.91,6,Fog-Rain,138
18/11/2013,12,7,3,7,4,2,100,82,51,1014,1009,1006,31,14,6,27,8,27,0.25,4,Rain,171
19/11/2013,14,8,2,5,3,-2,100,65,39,1019,1012,1009,31,17,10,34,11,40,0,2,,344
20/11/2013,11,7,2,-1,-2,-5,75,52,26,1022,1019,1017,31,21,10,35,18,,0,2,,356
21/11/2013,12,4,-3,1,-2,-3,100,63,29,1020,1012,1008,31,26,10,29,10,48,0,1,,254
22/11/2013,12,8,3,1,-1,-4,81,54,22,1015,1011,1008,31,16,5,27,14,,0,2,,335
23/11/2013,11,6,0,-1,-3,-4,75,52,26,1018,1015,1013,31,22,10,29,11,,0,1,,3
24/11/2013,12,7,1,0,-2,-3,75,55,27,1022,1017,1015,31,25,10,32,16,,0,1,,360
25/11/2013,15,7,-1,-2,-3,-7,80,50,13,1026,1022,1020,31,31,31,21,10,,0,,,16
26/11/2013,12,4,-3,-2,-6,-8,86,50,15,1028,1024,1022,31,30,19,34,10,52,0,,,13
27/11/2013,12,6,-1,-4,-6,-8,75,45,14,1028,1024,1020,31,23,10,26,11,47,0,1,,28
28/11/2013,10,6,1,0,-2,-6,100,63,32,1032,1027,1025,31,15,5,21,13,,0,4,Rain-Snow,7
29/11/2013,11,3,-5,-2,-4,-6,100,66,24,1032,1028,1025,31,29,19,11,5,,0,,,338
30/11/2013,10,3,-4,2,-2,-5,100,72,41,1030,1022,1016,31,20,10,40,10,45,0,2,,354
01/12/2013,13,6,-1,-2,-5,-7,70,46,18,1023,1019,1017,31,23,10,23,8,,0,1,,24
02/12/2013,11,3,-5,-3,-6,-8,86,58,19,1027,1021,1019,31,30,18,14,6,27,0,,,342
03/12/2013,15,6,-3,0,-2,-5,86,62,24,1030,1026,1024,31,26,10,11,5,24,0,1,,341
04/12/2013,17,8,-2,3,0,-3,100,73,26,1032,1028,1026,31,29,19,10,5,,0,,,345
05/12/2013,16,7,-3,1,-1,-3,100,70,22,1033,1028,1026,31,26,14,11,5,,0,,,345
06/12/2013,15,6,-3,-1,-3,-5,100,62,18,1032,1027,1024,31,28,19,13,6,,0,,,347
07/12/2013,15,6,-4,-3,-5,-7,80,56,18,1029,1025,1023,31,30,23,10,5,,0,,,338
08/12/2013,14,4,-5,-2,-4,-7,86,63,19,1032,1027,1025,31,26,18,10,5,,0,,,350
09/12/2013,11,3,-5,1,-3,-7,100,75,38,1035,1031,1028,31,15,2,11,5,,0,3,Fog,353
10/12/2013,13,4,-5,2,-2,-6,100,73,34,1036,1032,1029,31,21,11,11,6,,0,,,350
11/12/2013,13,4,-4,2,-2,-6,93,71,38,1036,1032,1030,31,27,10,14,6,,0,1,,350
12/12/2013,12,3,-4,3,-1,-4,100,78,43,1036,1031,1028,31,19,11,10,6,,0,,,348
13/12/2013,9,4,-1,6,2,-2,100,88,56,1032,1028,1026,10,7,3,8,3,,2.03,6,Rain,347
14/12/2013,14,7,1,7,3,1,100,86,46,1036,1032,1029,31,9,1,14,6,,0,3,Fog,15
15/12/2013,14,7,-1,6,2,-1,100,82,43,1038,1033,1031,31,22,11,10,5,,0,,,335
16/12/2013,16,7,-2,3,0,-3,100,69,18,1035,1030,1026,31,30,26,13,6,,0,,,29
17/12/2013,11,5,-1,4,2,-2,100,84,56,1032,1029,1027,31,13,6,10,6,,0,4,,353
18/12/2013,9,6,3,8,5,2,100,91,71,1030,1026,1024,11,8,0,13,5,29,0.25,6,Rain,188
19/12/2013,11,8,6,9,6,0,100,86,53,1025,1017,1012,31,11,3,27,13,47,12.95,6,Rain,211
20/12/2013,10,6,1,1,-1,-2,87,58,34,1035,1027,1018,31,23,10,45,19,64,0,1,,360
21/12/2013,9,2,-4,0,-2,-5,100,74,36,1038,1033,1031,31,30,27,13,5,,0,8,,352
22/12/2013,11,4,-3,2,-2,-5,100,76,38,1036,1032,1030,31,28,16,10,6,23,0,,,346
23/12/2013,11,4,-2,3,0,-3,100,76,38,1034,1027,1022,31,13,10,13,6,37,0,3,,260
24/12/2013,11,8,6,10,6,1,100,82,66,1023,1012,1003,31,12,4,45,14,71,1.02,7,Rain,181
25/12/2013,9,7,5,9,6,-1,100,81,54,1007,1001,997,31,14,2,37,24,55,3.05,5,Rain,237
26/12/2013,11,7,3,5,1,-1,97,64,37,1019,1014,1006,31,19,10,37,23,52,0,2,,249
27/12/2013,12,10,8,10,8,5,100,88,74,1019,1015,1011,31,14,2,35,26,63,3.05,6,Rain,214
28/12/2013,10,8,6,10,3,-3,100,66,32,1024,1015,1008,31,14,3,34,21,55,2.03,4,Rain,258
29/12/2013,10,4,-2,1,-1,-4,100,70,28,1034,1028,1023,31,28,9,23,10,,0,,,160
30/12/2013,8,2,-3,2,-1,-3,100,81,47,1034,1029,1026,31,24,11,13,5,,0,8,,30
31/12/2013,8,5,2,6,3,1,100,87,65,1028,1023,1020,31,13,6,14,5,42,0,6,Rain,209
01/01/2014,9,8,7,9,8,6,100,94,77,1023,1018,1015,31,10,3,16,10,48,2.03,7,Rain,189
02/01/2014,13,11,9,12,10,8,100,94,80,1016,1015,1013,31,11,3,29,19,55,6.1,7,Rain,201
03/01/2014,13,12,11,12,10,8,100,89,74,1020,1018,1016,31,13,3,26,18,61,1.02,6,Rain,209
04/01/2014,11,8,5,11,6,-2,100,78,49,1022,1014,1008,31,14,3,50,24,72,6.1,5,Rain,234
05/01/2014,9,6,3,8,4,-1,100,84,51,1025,1023,1021,31,13,3,23,13,45,0.51,6,Rain,190
06/01/2014,12,9,7,8,7,5,100,83,60,1024,1021,1019,31,12,3,23,10,48,0.25,6,Fog,182
07/01/2014,14,11,8,8,7,5,100,78,45,1024,1021,1020,31,14,10,11,5,26,0,5,,161
08/01/2014,14,9,4,7,5,2,100,82,34,1025,1023,1021,31,13,3,11,5,,0,8,Fog,344
09/01/2014,14,8,2,5,3,1,100,78,38,1025,1021,1019,31,29,19,13,6,,0,,,343
10/01/2014,15,8,2,5,3,1,100,73,30,1021,1016,1013,31,30,26,11,6,,0,,,343
11/01/2014,14,9,5,7,6,3,100,82,52,1023,1019,1016,31,13,3,8,3,,0,,,340
12/01/2014,8,5,2,8,5,2,100,96,82,1027,1024,1021,5,3,0,10,3,,2.03,7,Fog-Rain,340
13/01/2014,11,9,6,9,4,-3,100,74,29,1025,1021,1019,31,10,1,29,10,47,2.03,4,Fog-Rain,268
14/01/2014,13,9,6,8,6,2,93,78,56,1020,1016,1013,31,16,10,32,23,66,0,5,Rain,238
15/01/2014,10,8,6,8,7,5,100,88,70,1019,1016,1012,31,14,3,21,8,47,0,5,,179
16/01/2014,10,8,6,9,6,3,100,82,54,1013,1010,1008,31,14,3,26,16,52,1.02,4,Rain,210
17/01/2014,9,6,3,6,3,2,100,79,60,1010,1004,999,31,17,10,27,16,50,2.03,5,Rain,171
18/01/2014,10,8,5,6,5,2,100,86,57,1000,996,994,31,14,5,23,11,47,3.05,6,Rain-Snow,208
19/01/2014,9,6,3,5,3,-3,100,82,49,1011,1000,994,31,14,6,26,10,,4.06,5,Rain,271
20/01/2014,10,7,3,0,-1,-2,75,56,34,1021,1015,1010,31,19,10,29,19,40,0,1,,268
21/01/2014,10,4,-2,7,2,-2,100,82,49,1022,1017,1014,31,15,3,24,8,42,7.87,5,Rain,187
22/01/2014,13,9,5,8,6,1,100,87,57,1020,1014,1011,31,10,3,23,8,27,7.11,5,Fog-Rain,108
23/01/2014,12,8,4,2,1,-1,81,58,31,1030,1024,1019,31,24,10,34,21,,0,1,,3
24/01/2014,14,7,-1,6,2,-1,100,73,31,1032,1026,1023,31,20,10,27,6,47,0,4,,272
25/01/2014,17,12,7,8,6,5,93,67,38,1028,1025,1023,31,17,10,23,10,,0,3,,348
26/01/2014,17,10,3,8,6,3,100,75,34,1029,1024,1018,31,18,0,32,8,47,0,3,Fog,246
27/01/2014,11,9,7,7,2,-4,87,53,28,1018,1014,1012,31,17,10,48,23,74,0,2,,267
28/01/2014,9,7,4,6,2,-2,87,67,44,1014,1008,1000,31,16,10,47,27,74,0,5,Rain,237
29/01/2014,9,7,4,5,1,-2,87,68,33,1006,999,995,31,14,6,35,19,50,1.02,4,Rain,254
30/01/2014,11,6,1,2,-2,-4,76,55,27,1012,1009,1005,31,19,10,34,13,50,0,3,,289
31/01/2014,13,9,6,7,4,1,82,65,47,1013,1011,1009,31,17,10,23,14,53,0,5,,234
01/02/2014,13,9,5,9,3,-4,94,61,26,1019,1012,1008,31,17,10,47,21,66,0,4,Rain,265
02/02/2014,10,4,-2,-1,-3,-5,86,59,23,1024,1019,1016,31,30,23,21,10,42,0,,,170
03/02/2014,8,3,-2,4,-1,-4,100,76,42,1019,1012,1008,31,16,3,29,8,42,0.76,4,Rain-Snow,208
04/02/2014,8,4,1,7,3,-1,100,86,66,1017,1013,1007,31,14,5,35,14,52,1.02,6,Rain,181
05/02/2014,13,10,7,9,6,3,100,77,47,1016,1009,1004,31,13,3,34,23,53,2.03,4,Rain,216
06/02/2014,17,12,8,11,7,5,100,78,45,1017,1011,1005,31,14,6,53,19,76,0,6,Rain,180
07/02/2014,10,8,5,7,4,-1,100,76,54,1021,1016,1009,31,15,3,37,24,64,0.51,5,Rain,223
08/02/2014,12,9,7,10,6,-1,100,79,44,1017,1010,1007,31,15,3,37,23,60,0.51,5,Rain,222
09/02/2014,8,4,3,5,3,-2,100,87,45,1016,1007,992,31,11,2,39,14,61,7.87,6,Rain,200
10/02/2014,9,7,3,6,-1,-4,93,58,27,1021,1006,992,31,16,6,53,34,80,4.06,3,Rain,267
11/02/2014,6,3,1,5,2,-4,100,83,43,1023,1017,1013,31,12,3,27,14,55,8.89,6,Rain-Snow,205
12/02/2014,8,6,3,5,4,3,100,94,72,1024,1020,1017,31,8,2,14,8,37,0,7,Fog-Rain,326
13/02/2014,17,11,4,13,8,4,100,85,50,1021,1017,1015,31,9,0,34,11,52,0,5,Fog-Rain,220
14/02/2014,16,13,10,12,10,7,100,82,57,1018,1013,1008,31,13,2,47,19,63,0.25,5,Rain,196
15/02/2014,9,8,6,10,6,2,100,85,60,1015,1011,1008,31,14,5,24,13,40,4.06,6,Rain,204
16/02/2014,11,7,3,6,3,0,100,81,40,1019,1016,1015,31,13,3,14,3,,0,3,,49
17/02/2014,11,4,-1,3,1,-2,100,79,39,1019,1014,1011,31,23,10,11,6,,0,1,,342
18/02/2014,12,8,4,3,2,0,93,68,34,1020,1014,1011,31,23,10,24,6,,0,2,,353
19/02/2014,15,7,-1,2,1,-2,100,68,26,1025,1021,1018,31,24,10,10,3,,0,1,,258
20/02/2014,13,7,0,10,4,-1,100,81,55,1025,1021,1018,31,19,10,23,6,55,0,5,Rain,221
21/02/2014,12,9,6,10,1,-5,100,55,21,1024,1020,1017,31,16,3,24,14,29,0.76,4,Rain,286
22/02/2014,13,6,-2,4,1,-3,100,68,34,1028,1024,1022,31,20,10,21,6,47,0,2,,193
23/02/2014,16,8,1,4,1,-3,100,72,25,1026,1019,1013,31,13,6,14,5,23,0,3,Fog,341
24/02/2014,11,7,3,6,3,-1,93,71,51,1021,1015,1012,31,16,9,27,11,55,1.02,5,Rain,219
25/02/2014,12,7,2,6,4,1,100,78,49,1022,1020,1018,31,17,10,39,13,58,0,4,,219
26/02/2014,12,9,5,3,-2,-6,81,48,18,1030,1024,1021,31,18,8,35,18,47,0.25,4,Rain,295
27/02/2014,13,8,2,7,2,-2,100,70,46,1031,1028,1026,31,18,10,16,8,40,0,4,,169
28/02/2014,15,9,2,7,4,0,100,67,30,1029,1021,1015,31,16,5,52,18,77,0,3,Fog,255
01/03/2014,13,10,7,11,6,1,94,74,44,1016,1009,1003,31,15,10,34,23,61,0,5,Rain,241
02/03/2014,17,13,9,10,8,6,83,67,41,1009,1006,1003,31,17,10,37,26,60,0,5,Rain,244
03/03/2014,12,9,7,9,1,-3,88,51,26,1014,1009,1006,31,17,10,52,31,72,0.25,3,,279
04/03/2014,13,9,6,4,0,-2,62,50,33,1017,1015,1013,31,18,10,50,27,71,0,2,,267
05/03/2014,17,11,6,8,4,3,100,60,27,1022,1017,1013,31,21,10,26,16,,0,1,,148
06/03/2014,22,12,2,5,3,0,100,56,15,1025,1021,1016,31,30,23,16,5,26,0,,,334
07/03/2014,19,11,3,5,3,1,93,58,24,1027,1024,1021,31,29,21,13,5,24,0,,,33
08/03/2014,21,11,2,4,1,-6,100,54,8,1027,1023,1018,31,26,14,13,6,27,0,,,28
09/03/2014,19,10,1,1,-2,-7,87,45,11,1028,1024,1021,31,31,31,16,6,40,0,,,87
10/03/2014,20,10,0,3,-1,-4,87,49,15,1027,1022,1016,31,28,18,11,6,,0,,,340
11/03/2014,19,12,4,1,-2,-4,61,38,11,1023,1020,1016,31,29,19,14,5,,0,,,7
12/03/2014,18,10,2,3,1,-2,87,51,16,1028,1024,1020,31,21,10,19,8,29,0,2,,326
13/03/2014,14,8,2,3,1,-1,87,60,32,1029,1026,1024,31,17,10,19,6,,0,2,,21
14/03/2014,17,9,2,4,1,-2,93,62,19,1030,1027,1023,31,22,10,11,5,,0,,,332
15/03/2014,21,11,1,4,0,-2,87,48,11,1031,1027,1024,31,28,16,19,6,,0,,,342
16/03/2014,24,13,3,3,1,-1,75,43,12,1028,1024,1019,31,29,21,13,5,,0,,,342
17/03/2014,24,14,4,5,2,-1,81,45,14,1026,1022,1017,31,30,18,14,6,37,0,,,278
18/03/2014,24,14,4,5,3,0,87,45,11,1023,1020,1016,31,22,10,14,5,34,0,1,,322
19/03/2014,22,16,11,7,4,2,71,46,19,1024,1021,1017,31,23,10,16,10,,0,5,Rain,77
20/03/2014,23,14,7,8,5,3,87,55,21,1021,1019,1015,31,19,10,24,6,24,0,1,,342
21/03/2014,20,14,9,11,6,-1,88,59,21,1021,1019,1015,31,15,6,29,10,66,0,1,,201
22/03/2014,16,13,9,10,4,-3,88,54,21,1018,1015,1012,31,17,10,47,23,58,0,5,Rain,264
23/03/2014,14,9,4,-2,-3,-5,57,40,16,1023,1019,1017,31,20,10,26,16,,0,2,,295
24/03/2014,14,7,-1,6,0,-3,86,57,32,1024,1020,1016,31,20,10,37,11,55,0,5,,274
25/03/2014,14,10,5,6,1,-2,87,54,26,1023,1019,1014,31,17,4,52,29,77,2.03,4,Rain,280
26/03/2014,14,9,4,3,-1,-3,81,52,24,1018,1015,1011,31,17,10,45,27,63,0,3,Rain,322
27/03/2014,13,6,-1,1,-1,-3,93,57,24,1018,1012,1007,31,19,10,23,10,55,0,3,,195
28/03/2014,16,9,3,3,2,0,87,56,24,1009,1007,1004,31,17,10,32,13,,0,2,,98
29/03/2014,13,10,7,9,4,0,100,70,41,1009,1005,1002,31,14,3,27,8,,3.05,6,Rain,354
30/03/2014,14,11,7,8,6,3,100,75,39,1015,1012,1008,31,14,5,21,10,48,6.1,6,Rain,179
31/03/2014,16,11,7,10,7,5,100,79,48,1016,1014,1010,31,14,3,19,6,37,0.25,5,Rain,136
01/04/2014,20,14,8,9,6,3,100,61,22,1012,1009,1004,31,15,10,42,13,60,0,2,,159
02/04/2014,14,11,8,10,7,3,100,70,39,1006,1002,999,31,16,4,34,16,29,10.92,6,Rain-Thunderstorm,159
03/04/2014,16,12,8,8,4,1,100,66,25,1009,1003,1000,31,15,3,34,13,50,0,3,,264
04/04/2014,17,12,8,8,4,0,82,55,25,1020,1015,1010,31,19,10,29,19,40,0,3,,259
05/04/2014,21,16,11,13,11,8,94,78,52,1021,1020,1018,31,16,10,16,10,32,0,5,,211
06/04/2014,23,16,8,13,10,7,100,73,33,1023,1021,1016,31,16,3,19,6,40,0,3,Fog,196
07/04/2014,25,17,8,13,9,7,93,63,26,1021,1019,1014,31,25,10,16,6,40,0,2,,292
08/04/2014,26,17,9,11,8,5,87,53,19,1023,1021,1016,31,24,10,13,6,,0,1,,322
09/04/2014,27,18,9,11,8,4,87,53,14,1023,1021,1015,31,30,23,16,8,35,0,,,308
10/04/2014,28,19,11,10,7,2,76,44,15,1021,1017,1010,31,20,10,24,8,48,0,1,,241
11/04/2014,26,18,10,11,7,3,82,47,15,1016,1013,1008,31,22,10,26,8,50,0,1,,257
12/04/2014,24,19,13,11,9,5,72,55,20,1020,1014,1010,31,23,10,29,10,53,0,2,,34
13/04/2014,25,17,8,10,8,6,93,59,20,1023,1020,1014,31,27,14,11,5,29,0,,,180
14/04/2014,26,18,9,9,7,4,87,50,16,1019,1017,1012,31,22,10,23,6,53,0,2,,94
15/04/2014,27,20,13,10,7,4,77,44,17,1017,1015,1011,31,21,10,34,8,,0,1,Thunderstorm,54
16/04/2014,27,18,9,10,7,4,87,47,15,1020,1017,1013,31,23,10,16,6,34,0,1,,266
17/04/2014,29,20,12,11,7,2,82,44,14,1020,1017,1012,31,21,10,19,6,,0,1,,359
18/04/2014,28,18,8,5,2,-2,66,30,10,1017,1014,1007,31,24,10,19,10,,0,1,,324
19/04/2014,24,17,9,14,8,4,76,54,30,1012,1007,1001,31,22,10,34,11,60,0,4,,251
20/04/2014,19,14,10,8,6,0,82,54,19,1004,1003,1000,31,17,10,37,26,50,2.03,3,,222
21/04/2014,14,12,11,11,9,8,100,83,57,1008,1003,1001,31,15,6,23,11,37,3.05,5,Rain,206
22/04/2014,19,13,8,9,7,4,93,63,33,1018,1013,1008,31,16,3,27,11,55,0,2,Fog,230
23/04/2014,21,13,7,9,7,5,93,59,30,1022,1020,1017,31,17,10,29,13,53,0,2,,218
24/04/2014,18,13,9,12,8,-2,94,71,27,1020,1017,1013,31,14,4,47,13,63,5.08,4,Rain-Thunderstorm,215
25/04/2014,18,12,7,4,2,-3,66,47,18,1023,1020,1018,31,17,10,32,23,47,0,2,,286
26/04/2014,19,14,9,12,8,4,88,66,47,1022,1019,1014,31,16,5,35,18,58,0.51,3,,215
27/04/2014,21,14,8,9,2,-3,67,41,13,1020,1018,1015,31,26,10,29,19,47,0,4,,271
28/04/2014,25,18,11,8,6,3,76,45,15,1018,1016,1012,31,22,10,27,19,47,0,1,,274
29/04/2014,26,17,8,8,6,1,87,46,12,1017,1015,1011,31,23,10,27,8,34,0,1,,316
30/04/2014,25,17,9,9,7,3,82,48,16,1017,1015,1011,31,21,10,24,6,35,0,1,,333
01/05/2014,27,18,9,9,6,0,82,45,15,1018,1016,1011,31,22,10,26,6,35,0,1,,323
02/05/2014,22,17,11,7,3,-1,76,38,13,1020,1018,1015,31,30,23,32,11,,0,8,,15
03/05/2014,24,15,6,4,2,1,76,40,13,1021,1018,1012,31,30,27,27,14,,0,,,35
04/05/2014,27,16,6,3,-2,-10,71,31,4,1018,1015,1009,31,30,19,13,6,27,0,,,112
05/05/2014,29,18,8,4,2,-1,66,33,7,1016,1013,1008,31,31,31,16,8,35,0,,,228
06/05/2014,30,20,11,8,5,0,67,37,8,1017,1015,1011,31,30,19,23,10,47,0,8,,277
07/05/2014,27,21,14,9,6,0,67,39,10,1019,1017,1014,31,30,26,10,5,,0,8,,55
08/05/2014,29,21,12,11,8,4,72,43,15,1020,1017,1013,31,21,10,13,6,,0,2,,348
09/05/2014,31,22,13,12,9,4,77,42,10,1022,1019,1014,31,21,10,23,10,,0,1,,352
10/05/2014,32,23,14,11,8,5,68,38,14,1021,1018,1012,31,24,10,21,8,39,0,1,,283
11/05/2014,29,22,15,10,6,1,67,34,9,1019,1016,1012,31,26,10,23,8,,0,1,,321
12/05/2014,30,20,11,10,6,-1,76,37,9,1017,1015,1008,31,26,10,27,8,32,0,1,,256
13/05/2014,24,17,11,6,3,-1,71,39,12,1025,1020,1014,31,30,26,23,13,35,0,,,47
14/05/2014,27,17,7,4,-2,-6,53,29,5,1029,1025,1019,31,27,10,23,13,45,0,1,,27
15/05/2014,28,19,9,5,1,-6,58,28,9,1025,1021,1014,31,30,16,21,8,42,0,,,25
16/05/2014,28,19,10,3,-1,-10,47,23,5,1020,1016,1009,31,31,31,19,10,,0,,,44
17/05/2014,27,18,10,3,-2,-11,43,22,6,1016,1014,1007,31,22,10,16,10,35,0,1,,36
18/05/2014,27,18,8,2,-1,-3,62,25,8,1015,1011,1003,31,24,10,21,10,40,0,1,,172
19/05/2014,23,19,14,10,5,1,59,38,15,1007,1005,1001,31,17,10,42,16,71,0,3,Rain,197
20/05/2014,20,16,11,9,4,1,76,46,19,1010,1008,1005,31,17,10,35,18,60,0.25,5,,203
21/05/2014,19,14,9,9,6,1,87,59,22,1012,1007,1003,31,16,6,45,21,71,5.08,5,Rain,192
22/05/2014,19,13,8,8,6,3,87,62,26,1015,1014,1012,31,17,10,35,21,66,0,4,,210
23/05/2014,20,16,11,11,4,-3,82,50,13,1016,1014,1012,31,17,8,32,19,45,0.51,4,Rain,256
24/05/2014,23,17,9,4,2,-1,71,37,12,1016,1014,1009,31,18,10,21,6,45,0,2,,271
25/05/2014,24,17,11,8,4,1,82,41,15,1016,1014,1011,31,18,0,27,13,55,0,2,,203
26/05/2014,24,16,8,6,2,-5,71,37,8,1020,1018,1015,31,18,10,21,6,,0,1,,346
27/05/2014,24,19,13,6,4,1,58,35,14,1019,1017,1013,31,22,10,21,8,42,0,4,,275
28/05/2014,23,18,13,11,7,4,88,52,25,1018,1015,1012,31,17,9,35,16,50,0.51,4,Rain,275
29/05/2014,24,17,10,9,7,4,87,51,19,1019,1018,1015,31,17,10,21,8,45,0,2,,286
30/05/2014,24,20,15,9,7,2,63,42,16,1020,1017,1015,31,17,10,26,13,,0,3,,10
31/05/2014,22,16,9,7,4,1,71,42,18,1021,1019,1015,31,19,10,26,16,45,0,3,Rain,31
01/06/2014,26,19,11,7,6,2,71,42,13,1022,1020,1015,31,21,10,27,13,34,0,3,,25
02/06/2014,28,19,9,6,3,-3,71,36,6,1022,1019,1013,31,30,18,24,10,29,0,,,1
03/06/2014,30,21,11,7,4,2,58,30,10,1020,1016,1009,31,31,31,24,8,60,0,,,246
04/06/2014,29,22,16,9,6,3,59,31,14,1015,1012,1008,31,22,10,27,14,45,0,1,,242
05/06/2014,28,21,13,7,3,-7,59,30,5,1014,1012,1007,31,30,10,26,13,63,0,1,,215
06/06/2014,31,22,13,8,5,2,51,29,13,1012,1010,1005,31,23,10,37,11,69,0,1,,246
07/06/2014,28,22,16,11,9,6,63,39,17,1018,1014,1010,31,20,10,24,13,48,0,2,,222
08/06/2014,31,21,12,9,7,5,72,39,11,1019,1017,1012,31,31,31,23,8,35,0,,,252
09/06/2014,30,23,16,8,7,3,55,32,12,1018,1016,1011,31,24,10,23,8,45,0,1,Thunderstorm,238
10/06/2014,30,21,13,8,7,5,67,35,12,1019,1016,1012,31,27,10,16,8,39,0,2,,270
11/06/2014,32,24,17,17,11,7,89,51,14,1025,1020,1016,31,17,8,47,10,60,4.06,3,Rain-Thunderstorm,26
12/06/2014,33,24,16,17,12,7,94,53,11,1024,1022,1015,31,18,8,16,6,,1.02,1,Rain-Thunderstorm,349
13/06/2014,35,26,16,14,11,8,82,41,12,1022,1019,1012,31,19,10,26,8,,0,1,Rain-Thunderstorm,6
14/06/2014,34,27,19,10,7,-1,52,28,6,1019,1015,1008,31,26,10,34,13,50,0,1,,3
15/06/2014,30,21,12,7,4,1,55,31,8,1018,1015,1009,31,30,23,27,18,53,0,,,38
16/06/2014,27,19,12,6,3,2,58,33,12,1018,1015,1010,31,21,10,24,14,42,0,1,,37
17/06/2014,29,21,13,8,6,2,63,35,11,1017,1015,1009,31,22,10,21,11,39,0,1,,2
18/06/2014,32,23,15,9,5,1,55,29,7,1017,1014,1009,31,31,31,21,10,35,0,,,321
19/06/2014,33,26,18,19,9,1,88,36,14,1018,1015,1009,31,19,8,27,8,42,2.03,2,Rain-Thunderstorm,131
20/06/2014,31,24,18,18,13,9,83,46,17,1017,1014,1008,31,20,10,26,8,42,0,1,Rain,156
21/06/2014,29,24,19,12,7,3,53,32,12,1017,1014,1010,31,23,10,26,16,42,0,2,,221
22/06/2014,29,21,14,8,7,5,59,34,13,1018,1016,1012,31,21,10,16,8,39,0,1,,243
23/06/2014,31,23,14,10,7,2,63,34,10,1019,1016,1010,31,20,10,34,10,53,0,2,,172
24/06/2014,22,19,16,14,11,8,88,58,28,1018,1015,1013,31,16,10,26,10,37,1.02,3,Rain,326
25/06/2014,28,22,16,12,8,4,77,42,14,1017,1015,1011,31,17,10,16,6,35,0,4,,348
26/06/2014,29,22,16,15,11,7,88,45,19,1017,1015,1011,31,18,8,26,8,55,0,2,Rain-Thunderstorm,269
27/06/2014,32,23,14,11,8,4,67,36,11,1019,1016,1010,31,21,10,27,10,53,0,1,,259
28/06/2014,31,22,14,10,6,3,59,30,10,1017,1014,1009,31,24,10,42,16,60,0,1,,232
29/06/2014,29,22,16,11,4,-5,59,30,6,1020,1017,1013,31,21,10,29,14,,0,1,,333
30/06/2014,31,22,13,7,2,-3,55,26,6,1020,1017,1010,31,30,26,26,8,55,0,,,239
01/07/2014,28,22,16,10,6,2,48,28,12,1015,1013,1008,31,22,10,39,16,61,0,1,,224
02/07/2014,28,21,14,13,6,2,68,35,10,1019,1014,1010,31,17,10,27,11,48,0.51,2,Rain-Thunderstorm,141
03/07/2014,23,16,9,17,13,8,100,73,40,1019,1017,1014,31,15,4,52,11,40,21.08,3,Rain-Hail-Thunderstorm,20
04/07/2014,30,21,12,13,11,8,100,56,16,1019,1017,1012,31,19,3,21,8,26,0,2,,197
05/07/2014,32,23,15,13,11,6,82,42,13,1019,1015,1009,31,22,10,26,10,47,0,1,,253
06/07/2014,27,22,18,14,11,5,68,43,19,1016,1013,1010,31,26,10,34,14,53,0,3,,227
07/07/2014,28,22,17,14,9,3,82,45,13,1020,1016,1013,31,17,10,23,13,45,0,2,,302
08/07/2014,31,22,13,9,7,5,67,36,11,1021,1018,1012,31,31,31,21,5,47,0,,,336
09/07/2014,29,22,16,11,8,5,68,40,14,1020,1018,1013,31,30,16,23,14,45,0,,,47
10/07/2014,30,21,13,6,3,-2,59,32,7,1021,1019,1013,31,30,26,26,14,35,0,,,33
11/07/2014,32,22,13,9,4,1,52,29,7,1021,1018,1011,31,30,23,24,11,,0,,,17
12/07/2014,32,23,14,9,7,-1,63,35,6,1020,1017,1010,31,31,31,19,11,27,0,,,14
13/07/2014,34,26,16,10,8,4,63,32,8,1019,1016,1009,31,30,24,27,10,39,0,,,308
14/07/2014,36,27,18,12,8,3,56,29,7,1019,1015,1010,31,30,18,13,8,39,0,,,355
15/07/2014,37,28,19,14,9,1,60,32,6,1020,1017,1011,31,24,10,21,10,50,0,1,,202
16/07/2014,38,29,19,14,8,3,56,26,6,1020,1017,1010,31,29,10,23,5,34,0,1,,153
17/07/2014,38,29,19,12,6,-1,46,23,4,1020,1016,1011,31,29,14,26,8,47,0,,,266
18/07/2014,37,29,21,12,6,2,35,21,9,1016,1012,1006,31,22,10,32,13,50,0,4,,258
19/07/2014,24,22,19,12,9,2,60,40,10,1016,1013,1009,31,22,10,35,19,58,0,4,,214
20/07/2014,27,22,17,13,8,4,68,42,14,1021,1017,1014,31,17,10,24,13,47,0,2,,289
21/07/2014,32,23,14,10,8,6,67,36,13,1023,1020,1014,31,30,19,14,6,,0,,,359
22/07/2014,35,26,17,11,7,3,59,29,8,1020,1016,1008,31,31,31,14,10,29,0,,,307
23/07/2014,37,27,18,9,5,1,38,21,6,1015,1011,1004,31,30,27,23,8,42,0,,,247
24/07/2014,36,28,21,11,8,6,46,25,8,1012,1010,1004,31,24,10,19,8,42,0,1,,293
25/07/2014,35,27,18,11,6,-3,49,24,4,1013,1010,1005,31,29,23,19,10,42,0,,,210
26/07/2014,36,28,19,13,7,0,64,29,5,1016,1013,1008,31,30,24,14,8,32,0,,,211
27/07/2014,37,29,21,14,10,3,60,30,8,1019,1015,1009,31,29,10,19,8,40,0,1,,204
28/07/2014,36,28,20,12,9,6,53,28,9,1016,1013,1006,31,26,10,32,11,52,0,1,,316
29/07/2014,31,24,18,12,8,3,59,35,9,1018,1015,1010,31,31,31,23,14,34,0,,,58
30/07/2014,33,24,15,8,7,1,63,33,8,1018,1015,1008,31,31,31,19,13,39,0,,,24
31/07/2014,36,27,17,12,8,3,52,28,9,1017,1013,1007,31,28,10,24,10,52,0,1,,237
01/08/2014,29,24,20,13,10,4,56,33,15,1013,1011,1006,31,28,10,37,18,55,0,1,,209
02/08/2014,29,24,19,12,9,7,56,37,18,1013,1010,1005,31,21,10,26,16,55,0,1,,246
03/08/2014,30,23,17,12,10,7,68,38,14,1015,1012,1008,31,20,10,21,10,47,0,1,,216
04/08/2014,33,24,16,11,8,1,59,32,6,1017,1014,1010,31,24,10,23,10,42,0,1,,231
05/08/2014,34,27,20,14,9,5,64,32,10,1020,1017,1012,31,31,31,13,6,,0,,,356
06/08/2014,36,27,18,14,8,4,53,28,7,1020,1016,1010,31,31,31,27,8,35,0,,,294
07/08/2014,36,27,19,12,8,3,50,26,7,1018,1015,1009,31,30,26,21,10,35,0,,,201
08/08/2014,35,27,19,13,8,2,52,28,6,1015,1012,1006,31,25,10,32,13,52,0,1,,245
09/08/2014,33,26,18,11,8,5,52,30,9,1014,1011,1006,31,30,26,26,11,45,0,,,226
10/08/2014,33,26,17,13,8,1,60,31,6,1015,1013,1008,31,31,31,26,13,45,0,,,211
11/08/2014,34,26,17,12,10,8,59,33,12,1018,1015,1010,31,30,27,16,6,47,0,,,203
12/08/2014,35,27,18,12,10,7,56,32,10,1017,1014,1007,31,30,19,29,10,48,0,,,261
13/08/2014,30,26,21,14,8,0,60,33,9,1016,1013,1010,31,25,10,32,18,48,0,1,,340
14/08/2014,31,23,15,10,6,-1,59,32,8,1020,1017,1012,31,21,10,23,13,39,0,1,,6
15/08/2014,33,23,14,12,4,1,55,27,6,1021,1017,1012,31,31,31,21,6,37,0,,,16
16/08/2014,32,23,16,12,8,3,63,35,10,1022,1019,1014,31,21,10,24,14,48,0,1,,28
17/08/2014,34,24,14,14,9,3,53,33,12,1021,1017,1009,31,28,10,14,8,39,0,1,,166
18/08/2014,34,26,18,14,12,9,57,38,13,1015,1012,1005,31,23,10,26,10,48,0,1,,204
19/08/2014,33,25,17,16,8,-4,83,41,5,1015,1012,1008,31,31,31,26,10,48,0,,,288
20/08/2014,32,24,16,11,6,-2,56,28,8,1016,1014,1009,31,26,10,23,10,45,0,3,,265
21/08/2014,31,23,15,11,7,2,68,34,8,1017,1015,1009,31,28,19,26,8,55,0,,,249
22/08/2014,30,24,18,10,8,3,49,32,11,1017,1014,1010,31,23,10,26,11,64,0,1,,239
23/08/2014,32,23,14,11,8,3,67,38,9,1020,1017,1013,31,31,31,14,8,35,0,,,309
24/08/2014,33,24,16,14,6,1,53,28,7,1021,1018,1012,31,27,10,19,8,55,0,1,,231
25/08/2014,35,25,15,5,3,0,48,22,6,1020,1017,1010,31,30,27,26,10,53,0,,,249
26/08/2014,35,27,18,13,7,0,37,25,8,1017,1015,1009,31,23,10,32,13,45,0,1,,277
27/08/2014,35,27,19,14,11,6,68,36,10,1019,1016,1010,31,27,10,26,10,39,0,1,,221
28/08/2014,36,26,17,10,4,-4,52,24,4,1018,1015,1010,31,26,10,27,10,52,0,1,,258
29/08/2014,34,27,21,11,7,2,46,25,11,1018,1015,1010,31,24,10,19,5,37,0,1,,182
30/08/2014,34,27,19,17,13,8,68,42,16,1019,1016,1010,31,21,10,14,8,42,0,3,,23
31/08/2014,35,27,19,17,14,11,64,42,15,1019,1016,1010,31,25,10,16,6,26,0,2,,37
01/09/2014,36,28,19,15,11,5,60,34,9,1019,1015,1009,31,24,10,14,8,35,0,1,,316
02/09/2014,38,28,19,10,8,5,49,24,7,1017,1013,1006,31,23,5,42,11,61,0,2,,288
03/09/2014,34,27,18,13,9,3,56,31,7,1015,1012,1006,31,28,14,32,10,50,0,,,222
04/09/2014,32,26,19,14,11,7,68,37,12,1015,1013,1008,31,30,19,21,14,48,0,,,210
05/09/2014,33,24,16,11,8,2,63,34,7,1017,1014,1009,31,30,26,19,8,45,0,,,223
06/09/2014,31,23,16,11,8,4,52,32,16,1016,1013,1008,31,30,27,23,8,52,0,8,,224
07/09/2014,30,23,16,14,11,9,63,42,20,1015,1012,1008,31,20,10,26,8,42,0,2,,227
08/09/2014,31,23,15,14,12,8,77,48,15,1018,1015,1010,31,19,10,26,10,32,0,2,,286
09/09/2014,32,23,16,15,11,8,72,44,16,1019,1016,1010,31,20,10,14,10,39,0,1,,331
10/09/2014,32,24,17,17,9,2,73,38,8,1016,1014,1008,31,30,26,23,8,40,0,8,,190
11/09/2014,29,23,18,12,10,8,60,39,17,1017,1014,1011,31,24,10,26,14,48,0,2,,203
12/09/2014,31,22,14,12,11,9,72,43,16,1018,1016,1011,31,23,10,19,6,39,0,1,,215
13/09/2014,31,23,16,12,10,8,68,40,15,1019,1016,1011,31,19,10,19,8,26,0,2,,247
14/09/2014,29,22,14,11,9,5,67,40,13,1017,1015,1010,31,22,10,29,11,,0,2,,273
15/09/2014,27,21,15,15,12,7,100,55,21,1017,1014,1010,31,18,9,39,8,47,5.08,3,Rain-Thunderstorm,200
16/09/2014,28,21,14,14,9,2,72,45,10,1013,1009,1003,31,19,10,40,11,60,0,2,,246
17/09/2014,27,22,17,17,13,9,94,60,23,1011,1009,1005,31,16,10,32,13,61,0.76,2,Rain,192
18/09/2014,26,21,16,16,13,7,94,67,22,1013,1010,1007,31,16,5,32,13,53,0.76,3,Rain,179
19/09/2014,24,19,14,16,13,11,100,74,37,1017,1013,1011,31,15,10,29,8,53,0,3,Rain,167
20/09/2014,26,19,13,14,12,9,100,63,25,1020,1018,1015,31,19,10,14,5,,0,3,,267
21/09/2014,28,22,15,15,10,7,78,47,18,1020,1017,1013,31,18,8,27,10,,7.87,2,Rain,252
22/09/2014,26,20,14,16,13,9,100,71,26,1019,1016,1011,31,15,6,23,11,37,7.11,4,Rain,259
23/09/2014,24,18,12,13,11,8,100,62,26,1016,1014,1010,31,18,10,24,10,48,0.51,2,,189
24/09/2014,22,18,14,13,12,9,88,67,35,1020,1016,1014,31,17,10,21,6,42,0,4,Rain,199
25/09/2014,24,17,10,12,4,-2,82,45,10,1022,1020,1016,31,21,8,19,10,,0,2,,9
26/09/2014,26,18,11,11,8,4,72,49,22,1025,1022,1018,31,17,10,13,6,27,0,3,,15
27/09/2014,24,19,13,13,11,8,82,58,34,1024,1022,1017,31,15,10,26,10,,0,3,Rain,106
28/09/2014,22,19,16,15,13,11,88,66,50,1023,1021,1019,26,12,9,21,8,,0,6,Rain,115
29/09/2014,25,19,14,15,13,8,100,68,25,1024,1022,1019,31,12,4,14,5,34,0,3,,210
30/09/2014,27,19,11,12,9,6,94,58,16,1026,1024,1020,31,20,10,13,5,,0,1,,10
01/10/2014,27,20,14,14,12,8,94,58,28,1027,1024,1020,31,18,10,23,8,45,0,2,,94
02/10/2014,28,21,15,14,13,10,88,60,26,1026,1024,1019,31,16,10,13,5,,0,2,,97
03/10/2014,27,20,14,14,13,9,88,62,24,1025,1022,1017,31,18,10,14,5,39,0,2,,334
04/10/2014,27,19,12,13,11,8,94,60,21,1021,1019,1014,31,19,10,21,6,37,0,2,,292
05/10/2014,26,19,13,11,8,5,77,49,18,1018,1016,1011,31,27,14,16,8,40,0,,,302
06/10/2014,25,17,9,11,8,7,82,55,22,1015,1013,1009,31,20,10,24,10,42,0,1,,225
07/10/2014,23,18,13,13,11,8,88,62,27,1016,1014,1010,31,20,10,27,13,53,0,5,,196
08/10/2014,25,19,13,14,12,10,82,63,35,1015,1013,1009,31,18,10,27,11,52,0.76,5,Rain,193
09/10/2014,20,18,16,17,16,14,100,83,59,1015,1013,1011,31,14,3,29,11,52,7.87,5,Rain-Thunderstorm,213
10/10/2014,21,18,15,15,14,12,100,83,49,1016,1014,1011,31,14,4,16,6,34,4.06,6,Rain,180
11/10/2014,21,18,14,16,14,13,100,84,55,1016,1012,1005,31,14,5,61,10,87,0,5,Rain-Thunderstorm,155
12/10/2014,20,17,13,14,11,7,100,73,36,1010,1008,1006,31,16,6,37,18,61,3.05,4,Rain,172
13/10/2014,17,15,13,12,11,7,94,76,47,1012,1011,1009,31,14,6,29,21,60,0.76,5,Rain,203
14/10/2014,16,13,10,11,9,7,100,80,50,1014,1010,1007,31,13,6,24,10,42,4.06,6,Rain,223
15/10/2014,17,12,8,14,11,7,100,87,64,1016,1015,1014,31,14,10,19,5,45,0,7,,194
16/10/2014,22,19,16,15,14,12,94,74,45,1018,1016,1014,31,15,10,24,10,50,0,5,,190
17/10/2014,23,18,13,15,13,11,94,73,39,1021,1019,1016,31,15,10,19,5,32,0,4,,163
18/10/2014,27,19,11,14,12,9,100,71,24,1022,1020,1016,31,26,13,16,6,39,0,,,329
19/10/2014,27,19,12,14,12,10,88,64,27,1024,1022,1018,31,26,14,13,6,,0,,,348
20/10/2014,27,19,12,13,11,7,88,61,20,1025,1023,1019,31,28,21,13,6,,0,,,345
21/10/2014,29,19,10,11,10,9,94,60,22,1028,1026,1022,31,19,10,11,5,,0,,,346
22/10/2014,25,20,14,12,4,-8,77,42,6,1029,1027,1023,31,25,19,23,8,,0,,,20
23/10/2014,26,16,7,7,2,-4,66,37,10,1028,1024,1019,31,30,21,23,5,21,0,,,3
24/10/2014,27,19,11,10,8,6,82,46,16,1022,1020,1015,31,26,14,16,8,24,0,,,72
25/10/2014,27,19,11,11,8,3,88,51,16,1023,1021,1017,31,28,19,13,5,,0,,,336
26/10/2014,27,18,9,10,8,5,87,55,17,1024,1022,1017,31,29,19,10,5,,0,,,347
27/10/2014,25,17,9,10,7,5,82,57,23,1023,1021,1015,31,25,3,13,5,,0,,,323
28/10/2014,23,16,8,11,9,6,93,68,34,1020,1017,1013,31,24,14,11,5,,0,,,343
29/10/2014,24,17,9,11,9,8,94,67,27,1021,1018,1014,31,21,14,11,5,23,0,,,338
30/10/2014,27,18,8,11,8,7,94,62,21,1024,1022,1018,31,27,16,13,5,23,0,,,348
31/10/2014,24,16,8,10,7,5,87,59,23,1025,1023,1019,31,29,19,13,6,23,0,,,355
01/11/2014,23,15,7,10,7,5,82,65,30,1026,1024,1020,31,29,14,14,6,,0,,,330
02/11/2014,20,14,8,12,9,7,94,75,41,1023,1020,1015,31,15,5,21,6,50,4.06,5,Rain,296
03/11/2014,16,12,9,11,9,8,100,85,56,1018,1013,1004,31,10,0,40,10,63,0,5,Fog-Rain,204
04/11/2014,13,11,9,10,4,1,100,67,39,1006,1001,999,31,16,1,50,19,58,8.89,5,Fog-Rain,282
05/11/2014,13,9,4,3,2,1,87,57,30,1016,1010,1006,31,17,10,21,10,35,0,2,,293
06/11/2014,16,9,3,6,3,2,93,66,30,1019,1016,1014,31,19,10,24,8,45,0,2,,193
07/11/2014,18,14,11,13,9,4,94,73,38,1017,1015,1013,31,15,5,26,18,47,1.02,5,Rain,240
08/11/2014,14,12,9,9,6,4,94,70,44,1017,1014,1010,31,16,10,29,10,61,0.51,6,Rain,223
09/11/2014,13,9,4,8,4,1,93,73,36,1016,1011,1008,31,17,10,19,8,29,0.25,5,Rain,200
10/11/2014,12,6,0,6,2,-1,100,73,36,1018,1014,1011,31,17,10,19,6,42,0.25,3,Rain,231
11/11/2014,11,9,7,9,8,4,100,91,69,1011,1005,1002,31,10,2,23,6,42,13.97,6,Rain,148
12/11/2014,15,12,9,9,8,8,94,78,55,1015,1010,1006,31,16,6,27,21,60,0,3,,225
13/11/2014,16,12,8,13,10,7,100,85,68,1016,1013,1008,31,14,6,24,8,48,0,4,Rain,170
14/11/2014,15,12,8,13,10,6,100,83,53,1009,1007,1005,31,15,4,39,19,60,2.03,5,Rain-Snow,190
15/11/2014,13,10,7,8,7,5,93,79,54,1014,1011,1009,31,16,10,39,19,60,0.51,3,Rain,223
16/11/2014,13,10,7,8,6,5,93,76,50,1016,1014,1012,31,16,10,26,18,53,0,3,,217
17/11/2014,14,10,5,7,4,1,87,66,33,1015,1011,1010,31,16,10,27,19,48,0,3,,240
18/11/2014,12,6,0,7,3,0,100,84,59,1017,1014,1013,31,15,10,11,5,35,0,5,,349
19/11/2014,17,11,4,10,7,4,100,83,49,1019,1016,1014,31,12,6,10,5,,0,3,,7
20/11/2014,21,13,6,10,8,6,100,75,33,1020,1018,1014,31,17,9,13,5,,0,2,,17
21/11/2014,16,11,5,11,8,4,100,83,58,1021,1018,1015,31,19,11,13,5,,0,8,,345
22/11/2014,18,13,8,11,9,7,100,81,50,1019,1015,1011,31,17,10,13,6,,0,,,344
23/11/2014,17,14,12,13,11,8,100,78,51,1015,1013,1011,18,11,8,16,6,,3.05,6,Rain,351
24/11/2014,18,13,9,12,10,8,100,79,45,1019,1017,1015,31,15,10,11,5,,0,3,,335
25/11/2014,17,12,7,12,10,7,100,89,64,1020,1017,1015,31,10,4,19,5,40,7.11,4,Rain-Thunderstorm,148
26/11/2014,13,10,7,12,8,4,100,81,48,1016,1013,1010,31,13,3,16,6,48,0,5,Rain,234
27/11/2014,13,9,6,11,7,4,94,86,67,1011,1002,993,31,13,8,24,10,42,2.03,5,Rain,137
28/11/2014,11,10,8,9,8,5,100,88,69,994,988,986,31,14,6,32,18,53,13.97,6,Rain,129
29/11/2014,11,9,7,9,8,6,100,92,82,999,995,994,31,13,3,13,8,,2.03,6,Rain,344
30/11/2014,16,12,8,12,9,8,100,89,53,1003,1000,998,31,9,0,16,5,23,2.03,5,Fog-Rain,25
01/12/2014,16,12,8,9,5,2,82,61,36,1008,1005,1003,31,19,10,39,16,48,0,2,,354
02/12/2014,14,11,8,4,3,2,76,58,33,1012,1010,1007,31,23,10,29,19,,0,2,,7
03/12/2014,11,8,5,6,3,1,100,72,51,1013,1011,1009,31,22,10,16,6,,0,4,,7
04/12/2014,12,7,3,3,2,0,87,66,42,1017,1012,1010,31,16,10,13,8,,0,6,,345
05/12/2014,13,7,1,4,2,-1,100,70,25,1026,1020,1016,31,17,8,14,3,26,0,3,,352
06/12/2014,10,6,2,3,0,-2,87,62,30,1028,1025,1023,31,19,10,32,10,50,0,3,Rain,336
07/12/2014,11,6,1,1,-1,-4,81,57,35,1032,1027,1025,31,28,10,37,18,50,0,1,,1
08/12/2014,13,6,-2,2,-1,-3,100,73,30,1033,1029,1027,31,24,10,11,3,32,0,1,,173
09/12/2014,10,6,2,2,0,-1,93,60,33,1032,1030,1027,31,20,10,45,16,60,0,1,,360
10/12/2014,12,6,-1,3,1,-2,100,71,38,1035,1031,1030,31,27,10,29,10,,0,,,122
11/12/2014,14,6,-2,5,1,-2,100,81,42,1035,1030,1026,31,19,6,10,3,,0,,,341
12/12/2014,11,4,-2,4,2,-2,100,84,51,1029,1022,1017,14,9,5,19,5,48,0,1,,7
13/12/2014,13,8,4,10,6,3,100,88,62,1019,1013,1010,31,9,5,24,6,45,5.08,6,Rain,126
14/12/2014,8,7,7,9,8,7,100,97,88,1016,1014,1012,31,12,5,13,6,,6.1,7,Rain,47
15/12/2014,12,8,4,7,5,3,100,80,51,1022,1017,1014,31,18,10,16,10,,0.51,4,Rain,6
16/12/2014,13,7,2,6,3,1,100,81,51,1024,1020,1018,31,14,5,26,3,,0.25,3,Rain,173
17/12/2014,13,7,1,7,4,1,100,84,51,1029,1025,1022,31,19,9,13,5,,0,2,,151
18/12/2014,14,7,0,8,4,-1,100,87,50,1032,1028,1026,18,9,6,10,5,,0,,,332
19/12/2014,13,7,0,8,4,-1,100,89,57,1035,1031,1029,31,8,1,10,5,,0,1,Fog,36
20/12/2014,15,7,-2,8,2,-2,100,81,44,1037,1033,1031,31,14,2,8,3,,0,1,Fog-Rain,351
21/12/2014,14,7,-1,6,3,-1,100,82,43,1036,1033,1030,31,30,19,14,6,,0,,,348
22/12/2014,15,7,-2,5,1,-2,100,75,24,1036,1032,1029,31,30,26,11,5,,0,,,350
23/12/2014,13,6,-2,2,-1,-3,100,74,32,1034,1030,1027,31,30,23,8,5,,0,,,346
24/12/2014,12,4,-3,4,1,-3,100,84,46,1034,1030,1028,31,15,5,10,5,,0,1,,352
25/12/2014,13,6,-2,4,1,-3,100,80,37,1036,1032,1031,31,14,6,14,5,26,0,3,,339
26/12/2014,13,6,-2,5,2,-2,100,84,48,1036,1032,1029,31,27,10,10,5,,0,,,333
27/12/2014,9,4,-1,5,2,-1,100,86,54,1033,1026,1019,31,14,9,24,6,37,0,1,,338
28/12/2014,11,7,3,6,1,-5,71,59,38,1027,1019,1015,31,17,10,42,23,63,0.51,3,Rain,314
29/12/2014,9,5,1,-3,-12,-18,65,30,6,1038,1030,1024,31,31,31,29,19,39,0,,,28
30/12/2014,12,3,-6,-4,-9,-16,75,44,16,1038,1034,1031,31,30,19,10,3,,0,,,319
31/12/2014,10,2,-6,-1,-4,-7,100,70,30,1038,1033,1030,31,27,11,10,5,,0,,,22
01/01/2015,13,3,-6,-1,-4,-8,100,67,17,1041,1035,1031,31,15,6,10,5,,0,,,325
02/01/2015,13,3,-6,0,-4,-7,100,67,19,1044,1039,1036,31,23,14,10,5,,0,,,349
03/01/2015,14,4,-4,0,-2,-5,100,69,26,1044,1039,1036,31,26,14,10,5,,0,,,348
04/01/2015,17,7,-3,0,-2,-4,100,66,17,1041,1035,1031,31,26,6,10,5,,0,,,348
05/01/2015,14,6,-2,2,-1,-3,100,72,27,1034,1030,1027,31,22,10,10,5,26,0,,,333
06/01/2015,12,4,-3,2,-1,-4,100,80,40,1032,1028,1025,14,9,6,10,5,,0,,,347
07/01/2015,12,4,-4,2,-2,-5,100,75,29,1036,1031,1028,31,13,3,11,5,,0,,,344
08/01/2015,14,4,-4,2,-2,-5,100,70,28,1044,1038,1033,31,20,11,11,5,,0,,,341
09/01/2015,16,6,-3,4,-1,-4,100,72,34,1047,1043,1041,31,24,10,13,5,,0,,,342
10/01/2015,14,5,-4,2,-1,-4,100,73,27,1046,1037,1032,31,27,8,11,5,,0,,,343
11/01/2015,16,7,-2,5,1,-3,100,72,33,1037,1032,1030,31,21,10,11,5,29,0,1,,358
12/01/2015,13,6,-2,5,1,-4,100,74,41,1037,1033,1029,31,27,14,11,6,27,0,,,346
13/01/2015,13,6,-2,4,1,-2,100,77,43,1032,1027,1024,27,12,9,14,6,32,0,,,275
14/01/2015,7,2,-2,6,2,-2,100,92,78,1031,1027,1025,10,5,3,11,5,,0,6,,357
15/01/2015,12,9,5,8,5,4,100,85,50,1027,1019,1011,31,8,3,27,8,55,3.05,6,Rain,191
16/01/2015,9,7,3,8,1,-3,100,63,33,1022,1014,1008,31,15,6,37,19,45,4.06,3,Rain,255
17/01/2015,9,3,-3,0,-3,-8,100,66,22,1028,1023,1020,31,22,8,19,6,42,0,3,,171
18/01/2015,4,1,-1,3,0,-3,100,89,69,1023,1015,1007,31,10,1,13,5,,0,7,Rain-Snow,79
19/01/2015,7,3,0,1,-2,-6,100,68,31,1016,1011,1007,31,14,1,40,16,64,5.08,4,Rain-Snow,2
20/01/2015,7,3,-2,0,-2,-3,100,75,40,1016,1011,1008,31,17,10,13,5,,0,3,,115
21/01/2015,7,2,-3,2,-1,-3,100,84,45,1015,1011,1008,31,13,2,34,6,52,0.25,3,Fog-Rain,236
22/01/2015,8,3,-2,1,-1,-3,100,75,40,1023,1015,1009,31,12,6,35,8,,0,3,,351
23/01/2015,9,4,-2,-2,-3,-4,86,57,26,1028,1023,1020,31,31,31,35,10,,0,,,358
24/01/2015,12,3,-5,2,-4,-7,93,58,19,1030,1027,1025,31,31,31,32,10,24,0,,,357
25/01/2015,14,8,3,1,-3,-6,65,43,14,1029,1027,1026,31,30,26,27,16,26,0,,,353
26/01/2015,14,6,-2,0,-4,-8,80,49,18,1031,1028,1026,31,29,18,16,5,,0,8,,56
27/01/2015,14,7,-1,2,-1,-4,87,57,29,1032,1028,1026,31,29,10,34,6,,0,5,,343
28/01/2015,14,6,-2,3,0,-3,100,67,29,1029,1025,1022,31,25,10,13,5,,0,2,,306
29/01/2015,14,7,-1,8,3,-2,100,77,44,1024,1015,1008,31,17,8,40,11,58,0,4,,203
30/01/2015,18,14,10,11,9,6,94,76,40,1008,1001,995,31,16,10,40,27,61,0,6,Rain,238
31/01/2015,9,7,4,11,1,-5,94,59,29,1010,999,992,31,16,8,48,29,72,1.02,4,Rain,284
01/02/2015,9,4,1,-2,-3,-5,70,51,28,1017,1013,1008,31,17,10,37,24,47,0,4,,290
02/02/2015,6,4,3,5,1,-3,100,74,43,1016,1010,1003,31,15,6,34,19,47,2.03,5,Rain,229
03/02/2015,10,7,4,4,2,0,93,72,44,1007,1002,997,31,16,4,39,19,66,0.51,4,Rain,263
04/02/2015,5,2,0,1,-5,-8,93,56,33,1013,1005,997,31,18,10,37,19,63,0,4,Rain-Snow,340
05/02/2015,6,3,1,-4,-7,-10,65,44,24,1018,1013,1009,31,20,10,40,29,64,0,3,,356
06/02/2015,6,2,-2,-3,-6,-8,70,54,22,1017,1013,1010,31,17,10,27,13,42,0,4,Snow,330
07/02/2015,4,1,-1,-3,-4,-6,80,64,46,1026,1017,1013,31,17,10,16,5,,0,6,,38
08/02/2015,10,2,-5,-2,-4,-7,93,61,27,1028,1023,1020,31,31,31,14,8,,0,,,351
09/02/2015,11,4,-2,1,-3,-6,81,57,27,1027,1023,1020,31,21,10,24,8,,0,3,,77
10/02/2015,9,4,0,2,0,-2,93,69,44,1028,1024,1021,31,15,10,13,6,,0,5,,6
11/02/2015,9,6,2,4,2,0,93,81,56,1024,1021,1019,31,14,10,13,6,,0,5,Rain,346
12/02/2015,13,8,2,4,2,1,100,75,37,1024,1020,1018,31,16,10,11,6,23,0,4,,339
13/02/2015,14,7,0,5,2,-1,100,75,36,1026,1022,1019,31,12,6,29,8,52,0,4,,203
14/02/2015,13,10,8,7,4,1,93,70,42,1021,1017,1014,31,16,10,34,21,50,2.03,4,Rain,239
15/02/2015,16,12,8,8,6,4,100,72,38,1017,1013,1010,31,15,6,24,14,48,3.05,4,Rain,248
16/02/2015,15,10,5,5,4,1,93,65,37,1021,1019,1017,31,18,10,26,11,,3.05,3,,315
17/02/2015,12,8,4,5,0,-2,93,56,26,1033,1026,1019,31,17,10,39,19,58,3.05,4,Rain,22
18/02/2015,12,7,3,1,-1,-3,70,53,29,1034,1031,1029,31,18,10,19,10,29,0,3,,34
19/02/2015,13,6,-2,2,-1,-2,100,65,26,1035,1030,1027,31,21,10,10,3,,0,2,,350
20/02/2015,12,5,-2,2,0,-3,100,69,37,1030,1022,1014,26,12,8,23,8,40,0,4,,225
21/02/2015,13,9,5,7,2,-4,100,63,21,1015,1010,1008,31,14,8,39,14,63,2.03,5,Rain,304
22/02/2015,15,8,1,6,0,-3,81,56,24,1018,1015,1012,31,24,10,26,6,29,0,2,,193
23/02/2015,14,10,5,8,4,-1,93,65,38,1019,1016,1013,31,18,10,48,16,63,0,2,,239
24/02/2015,12,7,3,1,-2,-4,62,48,22,1030,1024,1019,31,19,10,37,21,42,0,2,,281
25/02/2015,16,8,1,4,1,-2,81,57,30,1031,1028,1025,31,20,10,24,10,,0,3,,292
26/02/2015,14,10,5,6,4,2,93,65,41,1028,1025,1022,31,18,10,21,8,27,0,2,,287
27/02/2015,15,9,3,5,0,-5,100,58,18,1026,1023,1020,31,17,10,32,10,,0,1,,39
28/02/2015,17,8,0,7,1,-3,87,58,32,1027,1024,1021,31,22,10,19,3,42,0,2,,197
01/03/2015,19,13,6,9,7,4,100,65,36,1026,1024,1021,31,26,10,24,10,42,0,2,,222
02/03/2015,18,13,8,11,9,8,100,81,51,1027,1025,1023,31,13,0,21,10,37,0,5,Fog,173
03/03/2015,18,12,7,11,9,6,100,85,50,1027,1025,1022,31,10,3,13,5,,0.25,6,Rain,88
04/03/2015,15,9,3,9,2,-5,100,65,16,1037,1029,1026,31,13,0,37,11,53,0,1,Fog,1
05/03/2015,15,8,0,-1,-7,-12,75,41,7,1038,1033,1028,31,31,31,26,8,48,0,,,36
06/03/2015,18,9,-1,-2,-7,-12,64,31,9,1034,1030,1027,31,30,23,14,8,42,0,,,258
07/03/2015,23,11,-1,1,-3,-7,80,45,7,1034,1029,1023,31,31,31,11,5,27,0,,,332
08/03/2015,24,12,0,2,-3,-8,81,42,8,1028,1024,1019,31,31,31,21,6,35,0,,,338
09/03/2015,23,12,1,1,-4,-8,65,34,7,1028,1024,1020,31,31,31,16,5,29,0,,,302
10/03/2015,23,12,1,1,-2,-8,75,41,9,1029,1025,1021,31,30,26,13,5,29,0,,,268
11/03/2015,23,12,1,3,0,-3,81,45,14,1030,1025,1021,31,28,18,13,5,21,0,,,286
12/03/2015,22,12,2,5,2,-1,87,50,18,1026,1022,1016,31,27,14,14,5,,0,,,231
13/03/2015,19,11,3,5,1,-5,81,48,16,1023,1021,1019,31,25,10,26,10,40,0,1,,28
14/03/2015,14,8,3,-1,-4,-6,61,41,15,1026,1022,1020,31,22,10,32,11,34,0,1,,15
15/03/2015,9,4,0,-2,-3,-5,75,52,26,1024,1019,1016,31,17,10,23,11,,0,4,,9
16/03/2015,13,4,-3,-1,-4,-6,86,53,19,1022,1018,1016,31,20,10,14,6,39,0,1,,25
17/03/2015,15,8,1,3,-1,-5,70,54,30,1021,1017,1013,31,16,10,26,8,,0,4,,65
18/03/2015,8,6,3,7,3,-2,100,75,36,1022,1018,1016,31,14,6,14,8,,7.11,7,Rain-Hail,36
19/03/2015,12,9,6,8,6,5,100,81,60,1019,1015,1012,31,15,8,26,13,37,1.02,7,Rain,11
20/03/2015,13,11,9,7,5,3,87,69,50,1015,1011,1008,31,17,6,29,18,53,3.05,7,Rain,12
21/03/2015,13,10,7,8,7,5,100,81,66,1010,1008,1007,31,14,8,24,14,,2.03,7,Rain,15
22/03/2015,13,11,8,8,6,5,87,72,45,1010,1008,1007,31,16,10,23,14,35,0.51,6,Rain,37
23/03/2015,8,7,6,8,7,5,100,94,72,1010,1006,1002,31,12,5,19,8,,11.94,6,Rain,351
24/03/2015,13,10,7,7,5,1,100,75,49,1009,1004,1002,31,16,5,32,13,48,4.06,5,Rain,23
25/03/2015,10,7,3,1,-3,-4,70,49,30,1016,1011,1008,31,19,10,48,31,66,0,2,,359
26/03/2015,16,9,2,8,1,-4,81,53,27,1021,1018,1015,31,18,10,29,13,42,0,4,,292
27/03/2015,20,14,8,9,8,6,87,63,34,1029,1025,1021,31,18,10,34,10,,0,2,,355
28/03/2015,24,14,5,10,6,3,100,61,22,1031,1027,1022,31,28,10,21,5,23,0,8,,340
29/03/2015,24,14,5,7,4,1,93,51,17,1029,1026,1022,31,31,31,19,5,24,0,8,,340
30/03/2015,26,17,7,9,6,3,87,51,17,1028,1027,1023,31,30,21,16,5,,0,,,93
31/03/2015,27,17,7,10,6,0,87,49,10,1029,1027,1022,31,30,27,23,6,23,0,,,340
01/04/2015,23,16,8,6,3,-2,76,43,18,1030,1027,1023,31,31,31,19,6,,0,,,37
02/04/2015,25,14,3,5,1,-3,75,39,16,1029,1025,1019,31,31,31,19,8,,0,,,12
03/04/2015,24,16,7,5,1,-6,71,37,10,1024,1020,1013,31,30,19,14,6,,0,8,,347
04/04/2015,23,16,8,3,-1,-7,62,34,7,1016,1014,1009,31,30,19,16,8,,0,,,29
05/04/2015,24,14,4,5,1,-2,81,41,10,1014,1011,1006,31,30,27,13,8,,0,,,27
06/04/2015,21,13,6,9,5,1,81,55,29,1020,1016,1010,31,21,10,26,8,35,0,1,,130
07/04/2015,18,12,7,6,3,-1,87,51,22,1027,1023,1021,31,19,10,29,11,37,0,3,,141
08/04/2015,18,11,4,5,0,-4,81,47,15,1030,1026,1021,31,25,10,32,11,,0,2,Rain,117
09/04/2015,9,7,6,6,3,-1,100,69,34,1028,1025,1023,31,16,7,19,6,21,7.11,6,Rain,44
10/04/2015,17,12,8,9,7,5,93,72,41,1026,1023,1020,31,14,10,11,3,,0,5,,154
11/04/2015,22,14,6,9,7,4,100,67,21,1026,1023,1020,31,17,10,32,10,,0,3,Rain,21
12/04/2015,22,16,9,9,7,4,88,59,26,1027,1025,1021,31,16,10,19,6,,0.25,3,Rain,47
13/04/2015,23,17,11,8,5,2,82,47,17,1027,1025,1022,31,20,10,42,11,61,0,3,Rain,87
14/04/2015,24,14,6,6,3,-2,81,48,22,1027,1024,1019,31,25,19,34,10,53,0,,,83
15/04/2015,19,14,11,13,4,-3,100,49,24,1021,1016,1012,31,12,5,19,8,32,0.51,4,Rain-Thunderstorm,100
16/04/2015,18,14,11,12,9,7,100,76,44,1018,1016,1014,31,14,5,27,13,47,4.06,6,Rain,206
17/04/2015,20,16,11,11,8,5,94,62,30,1019,1017,1014,31,15,10,21,10,50,0,4,,192
18/04/2015,19,13,7,9,6,0,100,61,22,1017,1015,1011,31,15,10,39,10,50,0,2,,254
19/04/2015,19,11,3,6,3,2,100,57,23,1019,1016,1013,31,19,10,19,8,,0,2,,19
20/04/2015,22,13,4,5,3,2,93,54,19,1023,1020,1016,31,20,10,11,5,,0,2,,10
21/04/2015,23,16,8,7,4,3,76,47,19,1023,1021,1016,31,31,31,34,8,,0,,,96
22/04/2015,22,14,7,7,5,3,82,48,23,1022,1020,1016,31,19,10,26,10,34,0,2,,185
23/04/2015,24,16,7,8,4,-1,87,48,12,1022,1019,1013,31,28,21,21,10,34,0,,,232
24/04/2015,23,16,8,7,6,2,82,48,22,1018,1016,1011,31,23,10,23,8,48,0,1,,263
25/04/2015,20,16,11,10,8,4,82,57,32,1017,1015,1012,31,19,10,35,18,50,0,4,Rain,215
26/04/2015,16,13,10,12,10,7,100,86,50,1014,1009,1005,31,13,3,40,14,60,12.95,6,Rain-Thunderstorm,206
27/04/2015,18,13,8,8,6,4,87,58,31,1017,1013,1009,31,17,10,27,16,48,0,3,,269
28/04/2015,20,13,6,7,6,4,100,60,26,1021,1019,1015,31,19,10,23,5,53,0,1,,163
29/04/2015,22,17,12,9,7,2,72,48,24,1020,1018,1015,31,19,10,21,11,48,0,2,,231
30/04/2015,23,15,7,10,7,4,87,53,26,1022,1020,1016,31,22,10,21,8,45,0,1,,217
01/05/2015,24,18,12,13,10,7,82,57,29,1020,1017,1013,31,19,10,21,11,40,0,3,,209
02/05/2015,27,20,13,15,13,12,100,65,31,1018,1015,1009,31,17,10,24,11,52,0,4,,204
03/05/2015,22,19,17,14,10,3,82,52,21,1014,1013,1010,31,26,10,24,11,53,0,6,,200
04/05/2015,27,21,14,14,9,0,88,52,10,1013,1008,1003,31,23,10,40,11,71,0,5,Rain,201
05/05/2015,21,17,12,12,7,3,77,50,19,1016,1013,1008,31,19,10,34,24,55,0,2,,227
06/05/2015,23,14,6,6,2,-7,93,45,8,1020,1018,1015,31,31,31,21,8,37,0,,,244
07/05/2015,29,18,7,6,3,-3,81,38,10,1021,1017,1009,31,30,26,16,6,39,0,,,269
08/05/2015,25,19,14,11,8,2,67,42,24,1024,1019,1012,31,20,10,24,14,47,0,2,,225
09/05/2015,28,19,10,11,8,3,88,49,13,1026,1024,1020,31,30,27,11,6,,0,,,133
10/05/2015,31,22,13,10,6,1,72,37,8,1025,1022,1016,31,30,23,21,8,39,0,,,69
11/05/2015,33,22,12,8,5,2,67,33,8,1024,1021,1015,31,30,26,13,6,34,0,,,128
12/05/2015,33,22,12,9,5,-1,72,31,7,1024,1022,1017,31,30,19,16,6,39,0,,,221
13/05/2015,36,26,14,9,6,-1,67,32,5,1025,1022,1016,31,24,14,27,8,47,0,,,289
14/05/2015,33,26,18,10,5,-4,56,27,5,1021,1016,1010,31,24,14,35,13,48,0,8,,227
15/05/2015,23,17,11,4,2,-1,48,32,18,1026,1021,1016,31,30,24,35,19,50,0,,,16
16/05/2015,28,18,9,4,2,0,66,35,9,1027,1025,1020,31,31,31,24,10,45,0,,,44
17/05/2015,31,21,11,7,3,-2,62,30,7,1026,1021,1013,31,30,27,19,10,26,0,,,38
18/05/2015,31,21,12,8,4,-1,67,32,7,1018,1014,1005,31,31,29,23,10,48,0,,,276
19/05/2015,22,18,12,8,6,4,59,42,16,1018,1011,1007,31,20,10,29,14,50,0,1,,37
20/05/2015,21,13,6,2,0,-3,70,39,14,1023,1020,1017,31,31,31,29,14,42,0,,,26
21/05/2015,23,16,8,2,1,-3,66,37,10,1027,1025,1020,31,31,31,23,14,47,0,,,36
22/05/2015,23,14,6,1,-1,-3,66,36,10,1027,1023,1016,31,31,31,24,16,42,0,,,41
23/05/2015,23,16,9,4,3,1,66,40,16,1022,1019,1013,31,23,3,26,18,45,0,1,,40
24/05/2015,26,18,10,6,4,3,71,40,16,1019,1016,1012,31,23,10,24,16,50,0,3,,42
25/05/2015,27,20,13,8,6,4,67,39,14,1020,1017,1012,31,19,10,21,11,,0,1,,20
26/05/2015,28,20,11,6,3,1,67,33,9,1020,1017,1012,31,31,31,24,13,34,0,,,9
27/05/2015,29,21,12,6,3,0,54,30,10,1021,1018,1012,31,30,13,21,10,45,0,,,47
28/05/2015,31,22,12,9,4,1,55,30,9,1020,1016,1009,31,22,10,14,8,34,0,1,,289
29/05/2015,30,22,14,8,6,1,52,31,12,1016,1013,1008,31,20,10,26,8,34,0,2,,154
30/05/2015,29,21,12,10,8,3,82,42,14,1018,1016,1011,31,21,10,21,6,34,0,2,,304
31/05/2015,31,22,13,10,6,3,67,36,11,1019,1016,1011,31,21,10,14,6,58,0,1,,318
01/06/2015,31,22,13,9,6,3,59,32,9,1019,1016,1011,31,21,10,21,8,53,0,1,,224
02/06/2015,32,24,16,11,8,3,63,33,10,1020,1017,1013,31,26,10,19,6,50,0,2,,259
03/06/2015,34,26,17,10,8,4,59,31,10,1023,1020,1014,31,24,10,24,10,34,0,1,,127
04/06/2015,32,24,16,8,3,-1,45,22,7,1024,1020,1013,31,25,10,23,11,45,0,1,,149
05/06/2015,32,23,14,6,3,-1,45,23,8,1022,1019,1013,31,26,10,16,8,35,0,1,,144
06/06/2015,34,24,14,7,4,-1,55,25,7,1022,1020,1014,31,24,10,21,8,34,0,3,,52
07/06/2015,34,26,18,6,4,1,43,22,7,1023,1020,1012,31,24,10,23,8,40,0,1,,52
08/06/2015,33,24,15,7,2,-1,52,21,7,1021,1018,1010,31,29,10,13,6,,0,1,,122
09/06/2015,33,26,18,14,8,3,77,33,11,1017,1015,1008,31,21,10,29,11,45,0.51,2,Rain-Thunderstorm,29
10/06/2015,27,22,17,16,14,11,88,64,26,1017,1013,1008,31,17,9,39,11,42,0.51,3,Rain-Thunderstorm,147
11/06/2015,23,18,13,17,13,8,100,68,35,1015,1012,1007,31,14,1,39,10,60,27.94,3,Rain-Thunderstorm,186
12/06/2015,24,19,14,12,9,6,82,55,26,1014,1012,1008,31,16,10,29,11,74,0,3,Rain,211
13/06/2015,23,19,14,11,6,3,77,42,20,1014,1011,1008,31,18,10,29,11,50,0,4,,225
14/06/2015,22,18,13,8,6,4,63,42,22,1016,1013,1010,31,18,10,32,16,47,0,3,,234
15/06/2015,21,17,12,13,10,7,100,68,32,1021,1016,1014,31,15,6,21,11,,1.02,4,Rain-Thunderstorm,99
16/06/2015,26,19,11,13,9,6,94,57,19,1023,1021,1017,31,18,10,14,10,32,0,3,Rain,2
17/06/2015,27,20,13,10,8,3,82,45,16,1024,1022,1016,31,30,19,21,10,37,0,,,32
18/06/2015,30,22,14,10,7,3,67,38,11,1023,1021,1014,31,22,10,21,13,37,0,2,,28
19/06/2015,33,24,17,10,7,3,52,29,9,1021,1018,1011,31,31,31,24,10,42,0,,,1
20/06/2015,34,24,14,10,1,-5,49,22,4,1021,1018,1012,31,31,31,19,11,37,0,,,38
21/06/2015,36,26,16,11,7,3,59,27,8,1020,1017,1010,31,23,10,21,8,42,0,1,,303
22/06/2015,34,28,21,13,9,5,60,29,11,1018,1015,1008,31,19,10,24,10,52,0,2,,241
23/06/2015,32,24,18,14,11,5,68,41,12,1016,1013,1009,31,19,6,39,10,47,6.1,2,Rain-Thunderstorm,358
24/06/2015,31,23,15,14,10,2,82,45,9,1020,1017,1013,31,21,10,14,6,40,0,1,,359
25/06/2015,33,24,16,14,9,2,77,37,9,1023,1020,1015,31,22,10,14,6,37,0,1,,194
26/06/2015,36,26,17,12,7,2,63,29,8,1024,1021,1014,31,28,10,21,8,42,0,1,,255
27/06/2015,37,27,17,9,7,4,52,24,7,1022,1019,1012,31,30,23,19,6,39,0,,,249
28/06/2015,39,29,19,9,6,2,49,22,6,1021,1018,1011,31,30,24,21,8,63,0,,,292
29/06/2015,40,31,22,12,8,4,44,24,8,1021,1018,1010,31,27,10,19,8,50,0,1,,209
30/06/2015,39,30,21,11,7,-1,50,22,5,1018,1015,1006,31,19,10,35,13,52,0,1,,163
01/07/2015,37,29,22,9,6,0,38,20,6,1017,1014,1006,31,27,10,27,13,52,0,1,,180
02/07/2015,34,28,22,11,7,3,47,24,10,1020,1017,1011,31,29,14,19,11,42,0,8,,175
03/07/2015,37,29,21,16,12,7,57,33,10,1021,1018,1012,31,24,10,32,14,47,0,1,,155
04/07/2015,38,30,22,16,12,8,53,30,11,1023,1019,1011,31,23,10,24,13,45,0,1,,171
05/07/2015,38,29,21,11,9,5,53,24,8,1020,1017,1011,31,30,19,19,8,42,0,,,206
06/07/2015,40,30,21,11,8,4,49,23,6,1020,1017,1010,31,21,10,26,10,40,0,2,,254
07/07/2015,39,30,21,10,7,3,43,20,6,1019,1016,1010,31,24,16,39,11,55,0,,,236
08/07/2015,39,29,20,11,3,-4,38,16,4,1018,1015,1008,31,28,14,27,11,50,0,,,288
09/07/2015,39,29,19,12,7,-2,52,24,4,1019,1015,1008,31,30,23,21,10,39,0,,,309
10/07/2015,37,28,18,7,4,-2,43,18,4,1019,1016,1010,31,29,16,29,13,52,0,,,244
11/07/2015,37,28,19,11,6,-2,46,21,5,1021,1017,1012,31,29,23,19,8,40,0,,,267
12/07/2015,37,28,19,14,7,-2,53,25,4,1021,1018,1012,31,30,23,16,6,40,0,,,204
13/07/2015,39,30,21,11,7,2,50,21,7,1021,1018,1011,31,30,19,16,8,42,0,,,179
14/07/2015,39,31,22,13,7,1,38,20,5,1020,1017,1010,31,30,26,16,8,37,0,,,283
15/07/2015,39,31,22,13,6,-1,39,19,4,1018,1015,1007,31,25,10,16,8,26,0,1,,107
16/07/2015,39,30,21,12,7,0,43,22,5,1017,1014,1008,31,18,10,24,6,42,0,1,,276
17/07/2015,37,30,23,12,9,6,44,25,9,1019,1016,1010,31,28,10,26,10,37,0,1,,341
18/07/2015,34,28,22,16,11,7,69,33,11,1020,1017,1010,31,18,10,32,13,48,0,2,Rain-Thunderstorm,225
19/07/2015,34,28,21,13,10,8,47,28,12,1019,1016,1010,31,26,10,21,11,47,0,3,,218
20/07/2015,37,29,21,14,11,9,53,29,12,1017,1015,1008,31,22,10,16,6,34,0,1,,298
21/07/2015,37,29,21,13,11,7,53,28,10,1017,1014,1008,31,22,10,27,13,45,0,1,,246
22/07/2015,35,29,23,16,14,10,61,37,15,1018,1015,1010,31,20,10,23,13,32,0,1,Rain-Thunderstorm,2
23/07/2015,37,29,20,16,12,5,73,38,8,1019,1015,1007,31,21,10,26,10,55,0,1,,349
24/07/2015,34,27,18,11,9,6,56,28,10,1014,1011,1006,31,30,23,29,10,47,0,,,282
25/07/2015,34,27,19,14,10,6,68,33,11,1017,1014,1009,31,31,31,19,8,32,0,,,42
26/07/2015,37,28,19,16,9,4,51,28,8,1018,1015,1007,31,30,19,23,10,40,0,,,277
27/07/2015,38,30,22,14,9,1,50,26,5,1016,1013,1007,31,30,27,27,11,47,0,,,260
28/07/2015,38,28,18,12,8,5,46,23,8,1016,1013,1005,31,29,16,23,6,42,0,,,193
29/07/2015,37,28,19,10,7,-2,49,23,4,1015,1012,1005,31,31,31,26,8,52,0,,,278
30/07/2015,35,28,21,14,12,7,60,35,11,1013,1010,1004,31,21,10,26,8,52,0,1,,10
31/07/2015,32,26,21,16,13,9,65,42,17,1012,1008,1002,31,18,10,35,11,63,0,2,,214
01/08/2015,32,24,17,14,11,6,77,44,12,1016,1013,1008,31,21,10,16,10,,0,1,,22
02/08/2015,36,28,21,17,13,7,73,40,11,1018,1015,1009,31,22,10,19,8,47,0,4,,134
03/08/2015,37,29,20,16,12,8,50,32,17,1018,1014,1007,31,24,10,26,8,50,0,1,,295
04/08/2015,35,29,23,13,9,3,44,25,8,1018,1014,1009,31,22,10,19,10,55,0,1,,228
05/08/2015,37,27,18,12,5,0,43,22,5,1017,1014,1008,31,30,23,27,10,50,0,,,254
06/08/2015,38,27,16,2,1,-4,34,16,4,1017,1014,1008,31,28,10,29,10,55,0,1,,273
07/08/2015,36,27,18,9,3,-4,30,17,6,1017,1014,1008,31,22,10,32,11,53,0,1,,185
08/08/2015,34,29,23,14,12,4,57,32,12,1021,1016,1011,31,15,10,29,16,53,0,3,Rain,152
09/08/2015,34,24,16,14,8,3,73,39,8,1023,1020,1012,31,30,26,21,13,39,0,,,22
10/08/2015,37,27,17,11,8,2,60,30,9,1020,1016,1008,31,30,23,19,8,47,0,,,309
11/08/2015,34,27,21,14,9,4,38,26,11,1015,1013,1007,31,20,10,26,11,50,0,1,,237
12/08/2015,34,26,18,9,4,-1,45,21,6,1019,1016,1011,31,26,18,23,10,52,0,,,223
13/08/2015,27,23,19,12,8,5,60,32,15,1020,1017,1014,31,21,10,35,19,52,0,2,,266
14/08/2015,27,21,15,10,8,-1,67,38,12,1019,1016,1011,31,21,10,24,8,29,0,2,,83
15/08/2015,27,23,18,9,7,4,52,32,16,1016,1014,1010,31,22,10,19,6,,0,1,,10
16/08/2015,31,23,15,12,8,5,59,36,16,1016,1014,1007,31,27,10,23,6,48,0,1,,219
17/08/2015,32,26,20,14,11,9,53,34,16,1014,1011,1006,31,18,10,16,10,42,0,2,,293
18/08/2015,32,25,18,15,11,6,64,39,13,1015,1012,1007,31,18,10,21,13,45,0,1,,3
19/08/2015,33,26,18,15,10,8,52,37,15,1019,1017,1012,31,19,10,26,14,47,0,2,,31
20/08/2015,35,27,19,17,9,5,57,30,10,1023,1019,1014,31,27,10,19,8,34,0,1,,356
21/08/2015,34,28,21,17,12,6,57,37,16,1022,1019,1011,31,21,10,26,8,48,0,2,,115
22/08/2015,32,25,18,18,13,9,100,51,18,1020,1014,1006,31,20,9,32,14,48,2.03,2,Rain-Thunderstorm,284
23/08/2015,26,22,19,13,9,3,68,40,16,1013,1011,1007,31,22,10,37,21,58,0,2,,236
24/08/2015,25,20,15,14,7,4,73,38,17,1019,1014,1009,31,20,10,35,26,52,0,4,,259
25/08/2015,30,21,12,7,6,4,72,35,12,1022,1019,1013,31,31,31,11,6,29,0,,,345
26/08/2015,33,24,16,14,8,4,63,36,11,1019,1016,1011,31,31,31,26,8,58,0,,,273
27/08/2015,32,23,15,10,7,2,59,31,8,1018,1016,1011,31,31,31,29,11,52,0,,,227
28/08/2015,34,24,15,10,7,5,55,30,10,1020,1017,1011,31,30,23,16,6,48,0,,,291
29/08/2015,36,28,19,12,10,7,56,30,12,1020,1017,1010,31,30,21,24,10,35,0,,,134
30/08/2015,36,28,20,20,13,7,94,44,16,1019,1016,1008,31,19,2,58,14,87,8.89,3,Rain-Thunderstorm,135
31/08/2015,29,23,17,19,16,12,94,66,34,1019,1016,1012,31,16,8,37,10,50,0,2,Rain-Thunderstorm,266
01/09/2015,30,23,16,16,13,8,94,54,18,1019,1016,1011,31,21,10,13,6,32,0,2,,331
02/09/2015,31,24,18,16,13,8,78,48,16,1016,1013,1007,31,17,10,24,10,50,0,2,,219
03/09/2015,27,22,17,14,8,0,82,38,10,1015,1013,1009,31,20,10,19,11,48,0,1,,197
04/09/2015,27,21,16,11,9,3,68,45,13,1018,1014,1010,31,20,10,29,13,,0,2,,355
05/09/2015,27,20,12,10,7,3,67,42,14,1021,1019,1014,31,18,10,16,11,37,0,1,,7
06/09/2015,28,21,15,11,8,5,63,40,16,1023,1020,1016,31,19,10,13,6,,0,1,,358
07/09/2015,27,21,16,13,9,3,68,46,15,1022,1020,1015,31,19,10,23,10,35,0,1,,108
08/09/2015,29,21,12,13,8,0,82,46,9,1020,1017,1011,31,28,10,23,10,34,0,1,,197
09/09/2015,29,20,11,9,4,-2,58,31,9,1018,1016,1010,31,30,29,24,8,42,0,,,271
10/09/2015,28,22,16,12,7,0,52,32,13,1016,1014,1009,31,18,10,23,8,52,0,2,Rain,228
11/09/2015,31,22,13,9,7,3,55,33,15,1016,1013,1008,31,31,31,24,10,48,0,,,270
12/09/2015,28,23,18,10,8,5,56,34,15,1015,1012,1008,31,21,10,24,10,55,0,3,,181
13/09/2015,26,22,18,12,6,-3,60,35,9,1013,1011,1007,31,24,10,37,21,60,0,5,,219
14/09/2015,24,19,14,14,9,5,82,50,19,1016,1014,1010,31,20,10,34,19,52,0,2,,228
15/09/2015,21,18,14,12,7,2,72,48,20,1014,1011,1008,31,20,10,29,14,58,0.76,7,Rain,192
16/09/2015,23,19,16,17,13,10,100,71,44,1009,1005,1001,31,13,3,53,19,80,7.11,6,Rain,204
17/09/2015,21,16,11,14,6,3,88,51,21,1018,1013,1005,31,17,9,24,16,35,0,3,,259
18/09/2015,24,16,7,8,5,1,87,52,13,1022,1020,1016,31,31,31,13,6,29,0,,,353
19/09/2015,27,18,9,9,6,3,82,46,14,1026,1023,1019,31,31,31,11,5,27,0,,,342
20/09/2015,28,19,9,8,6,5,82,44,14,1025,1022,1016,31,31,31,13,6,32,0,,,239
21/09/2015,29,20,11,7,5,3,67,36,12,1021,1018,1012,31,30,19,21,8,45,0,,,264
22/09/2015,30,20,9,6,3,-6,66,33,7,1017,1014,1008,31,30,19,26,8,50,0,,,285
23/09/2015,25,18,12,7,6,3,59,39,19,1019,1016,1013,31,31,31,24,8,,0,8,,18
24/09/2015,29,20,11,8,4,-4,76,40,5,1021,1019,1014,31,31,31,19,6,27,0,8,,15
25/09/2015,30,20,10,2,0,-2,54,23,7,1021,1019,1013,31,28,10,14,8,32,0,1,,330
26/09/2015,29,20,11,4,2,-1,54,27,8,1020,1017,1013,31,26,10,23,6,35,0,2,,320
27/09/2015,29,21,14,8,5,3,59,33,13,1021,1018,1014,31,21,0,24,10,39,0,2,Rain,357
28/09/2015,26,18,10,10,7,4,67,44,22,1023,1021,1015,31,21,10,14,6,,0,1,,92
29/09/2015,25,18,11,11,8,5,94,52,18,1021,1017,1011,31,19,10,19,6,42,0,2,,155
30/09/2015,24,19,14,11,9,6,77,53,25,1021,1017,1015,31,17,10,23,8,37,0,3,,160
01/10/2015,26,17,9,8,5,1,82,46,13,1024,1021,1017,31,22,10,27,8,42,0,1,,305
02/10/2015,26,18,10,7,4,0,54,32,16,1021,1016,1010,31,20,10,29,14,52,0,3,,230
03/10/2015,26,20,15,8,6,3,59,38,19,1017,1015,1012,31,18,10,26,11,50,0,2,,223
04/10/2015,22,18,14,16,11,7,82,60,34,1020,1018,1016,31,16,3,26,10,55,1.02,6,Rain,190
05/10/2015,24,21,17,18,14,11,100,66,34,1020,1016,1012,31,14,5,39,18,61,0,5,Rain,194
06/10/2015,22,19,16,16,13,10,94,70,40,1018,1015,1011,31,15,5,35,19,60,7.11,4,Rain,223
07/10/2015,22,16,11,11,9,6,88,61,26,1020,1018,1014,31,17,10,11,5,29,0,4,,344
08/10/2015,23,16,9,10,7,4,82,55,22,1019,1016,1013,31,19,10,13,8,26,0,1,,334
09/10/2015,23,15,7,10,7,5,87,58,23,1017,1015,1010,31,24,10,14,6,,0,2,,321
10/10/2015,23,16,8,11,8,6,87,60,29,1014,1011,1007,31,22,10,16,6,35,0,3,,284
11/10/2015,21,18,14,15,13,11,100,75,43,1010,1008,1005,31,13,3,19,6,35,0,5,Rain,190
12/10/2015,23,19,14,14,13,10,94,71,37,1013,1010,1008,31,18,10,21,6,60,0,4,,170
13/10/2015,16,13,10,13,11,7,94,80,55,1016,1014,1012,31,17,10,23,6,,1.02,6,Rain,31
14/10/2015,19,12,5,7,6,3,100,66,23,1017,1015,1012,31,25,10,11,6,,0,1,,337
15/10/2015,21,12,3,5,2,0,87,55,16,1018,1015,1011,31,29,18,11,5,,0,,,20
16/10/2015,23,13,3,7,4,1,87,56,21,1019,1016,1012,31,30,27,11,5,34,0,,,341
17/10/2015,22,16,9,16,11,6,100,73,42,1015,1013,1009,31,14,6,13,6,,1.02,5,Rain,345
18/10/2015,19,16,13,16,15,13,100,93,73,1015,1012,1009,31,9,2,13,6,,12.95,5,Fog-Rain,103
19/10/2015,21,17,14,16,14,12,100,83,49,1013,1010,1008,31,13,6,16,6,37,1.02,5,Rain,132
20/10/2015,20,16,12,13,8,-1,100,65,17,1020,1015,1012,31,20,10,23,8,40,0,3,,18
21/10/2015,19,12,5,6,4,3,93,59,26,1022,1019,1016,31,30,27,14,6,26,0,,,345
22/10/2015,21,12,4,8,5,3,93,62,23,1024,1022,1019,31,29,14,11,5,29,0,,,305
23/10/2015,19,13,8,10,8,7,93,69,37,1023,1021,1017,31,28,14,13,5,,0,,,190
24/10/2015,21,16,10,11,9,8,94,71,37,1021,1019,1016,31,29,21,10,5,,0,8,,357
25/10/2015,22,16,10,11,9,8,94,66,34,1022,1020,1016,31,22,10,19,5,,0,5,,128
26/10/2015,18,16,13,14,12,11,100,79,52,1018,1014,1011,31,14,3,19,6,39,0.51,5,Rain,141
27/10/2015,17,13,11,13,10,5,94,74,36,1015,1012,1010,31,14,5,34,16,55,0.25,5,Rain,192
28/10/2015,17,13,9,10,8,7,94,73,43,1020,1017,1014,31,16,3,29,19,58,0.51,4,Rain,217
29/10/2015,17,14,12,12,11,9,94,77,62,1022,1021,1019,31,16,10,19,11,32,0,5,,177
30/10/2015,22,15,8,12,11,8,100,76,38,1021,1019,1015,31,12,3,11,5,24,0,1,Fog,36
31/10/2015,21,16,12,12,11,11,94,73,45,1023,1019,1017,31,16,10,14,6,,0,4,,46
01/11/2015,20,17,13,11,9,6,88,60,33,1023,1020,1016,31,17,10,23,8,40,0,5,,88
02/11/2015,15,13,11,12,9,8,95,80,54,1017,1013,1010,31,13,4,27,11,48,11.94,6,Rain,132
03/11/2015,15,12,9,11,10,8,94,84,70,1023,1018,1015,31,13,2,19,13,48,0.51,6,Rain,174
04/11/2015,16,13,11,13,12,10,100,91,77,1023,1023,1021,18,9,3,14,5,26,0,5,Fog-Rain,62
05/11/2015,18,14,12,13,12,12,100,87,59,1027,1024,1023,31,10,2,14,5,37,0,6,Fog,201
06/11/2015,22,16,9,14,12,8,100,84,47,1029,1027,1024,31,9,2,10,5,,0,1,Fog,345
07/11/2015,23,16,8,15,12,8,100,84,45,1029,1028,1024,31,12,3,8,5,,0,,,354
08/11/2015,23,16,9,13,10,8,100,73,28,1032,1029,1026,31,24,10,13,6,23,0,,Fog,356
09/11/2015,22,13,6,11,9,5,100,75,35,1035,1032,1029,31,28,9,10,5,,0,,,336
10/11/2015,22,14,6,10,8,5,100,73,27,1033,1030,1026,31,21,3,8,5,,0,,,352
11/11/2015,23,13,4,8,6,4,100,71,21,1029,1027,1022,31,22,8,10,3,,0,,,353
12/11/2015,22,13,4,7,5,3,93,67,24,1028,1026,1022,31,30,18,10,5,,0,,,348
13/11/2015,22,13,4,8,6,3,100,68,25,1032,1029,1027,31,28,18,16,6,,0,,,332
14/11/2015,18,12,6,9,7,4,93,73,41,1035,1032,1029,31,27,11,16,8,27,0,,,344
15/11/2015,20,12,4,9,7,3,100,78,38,1031,1027,1022,31,13,5,10,5,,0,,Fog,346
16/11/2015,18,10,3,9,6,2,100,80,39,1028,1025,1021,19,9,6,10,5,27,0,,Fog,356
17/11/2015,18,10,3,9,6,2,100,81,40,1030,1027,1024,14,7,5,10,5,26,0,,Fog,324
18/11/2015,21,11,2,8,5,2,100,71,30,1032,1028,1025,31,14,3,8,5,,0,,Fog,358
19/11/2015,21,13,4,9,7,4,100,75,33,1033,1030,1027,31,24,14,11,5,,0,,,338
20/11/2015,21,12,4,10,6,2,100,68,25,1034,1030,1024,31,21,6,32,8,48,0,,,276
21/11/2015,16,11,5,9,3,-2,76,51,25,1024,1017,1011,31,18,10,39,21,60,0,4,,337
22/11/2015,10,6,1,2,-1,-3,87,61,38,1021,1016,1012,31,20,10,24,8,34,0,3,,280
23/11/2015,11,6,0,3,-2,-6,93,59,20,1027,1021,1015,31,20,10,23,10,39,0,2,,356
24/11/2015,12,6,-1,2,-1,-3,93,66,32,1030,1027,1025,31,17,10,11,3,34,0,1,,338
25/11/2015,17,11,4,6,3,1,81,63,33,1029,1024,1021,31,18,10,14,5,,0,2,,175
26/11/2015,17,10,4,6,1,-4,75,49,16,1024,1021,1019,31,30,26,40,11,55,0,,,1
27/11/2015,17,12,8,6,5,4,76,57,32,1020,1017,1015,31,31,29,32,19,42,0,,,358
28/11/2015,17,9,2,6,3,0,93,67,31,1030,1023,1019,31,26,10,14,5,,0,1,,16
29/11/2015,14,7,-2,1,-1,-3,93,64,20,1038,1033,1029,31,30,23,11,5,,0,,,343
30/11/2015,16,7,-3,0,-3,-7,93,60,12,1041,1035,1032,31,30,26,13,6,,0,,,339
01/12/2015,17,7,-4,-2,-4,-6,86,54,13,1037,1032,1029,31,27,18,10,5,27,0,,,343
02/12/2015,15,7,-1,0,-2,-3,87,60,22,1035,1031,1028,31,22,14,10,5,,0,,,348
03/12/2015,17,8,-1,4,1,-2,93,70,29,1035,1031,1029,26,15,9,10,6,,0,,,336
04/12/2015,17,9,1,6,3,-1,100,72,31,1038,1034,1032,31,14,8,10,5,,0,8,,342
05/12/2015,19,10,2,5,3,1,93,70,27,1036,1032,1028,31,22,14,11,5,,0,8,,340
06/12/2015,17,9,0,5,3,0,100,73,29,1033,1029,1027,31,23,11,13,5,,0,,,345
07/12/2015,11,7,2,7,4,1,93,82,66,1033,1030,1029,31,15,9,11,6,,0,3,,348
08/12/2015,13,9,4,8,6,4,100,81,56,1036,1033,1031,19,9,5,11,5,,0,4,,344
09/12/2015,16,9,2,8,5,2,100,79,45,1039,1036,1034,31,17,6,14,6,,0,2,,349
10/12/2015,14,8,3,7,5,3,100,79,47,1037,1034,1031,31,14,6,10,6,,0,4,,348
11/12/2015,14,9,4,7,5,3,93,76,49,1036,1032,1030,31,13,2,8,3,23,0,5,,11
12/12/2015,12,9,7,7,5,4,87,70,47,1030,1027,1024,31,17,10,10,5,,0,7,,358
13/12/2015,13,8,2,6,4,1,93,77,50,1026,1023,1020,26,13,10,14,5,47,0,5,,299
14/12/2015,15,11,7,9,6,5,100,76,43,1025,1023,1021,24,10,3,14,3,40,0,5,Rain,190
15/12/2015,16,11,7,9,7,6,100,81,44,1034,1028,1025,16,8,3,11,3,27,0,6,,354
16/12/2015,15,8,2,7,4,2,100,81,40,1037,1033,1031,18,8,3,8,5,,0,,,343
17/12/2015,16,9,2,6,3,1,100,77,34,1033,1030,1028,26,10,6,10,5,,0,,,339
18/12/2015,15,9,3,7,4,2,100,75,36,1033,1030,1028,31,13,9,10,5,,0,1,,347
19/12/2015,16,9,2,5,3,1,100,74,31,1031,1026,1023,31,10,6,11,6,,0,,,340
20/12/2015,16,8,1,5,2,0,100,70,27,1029,1025,1023,21,12,2,19,6,37,0,4,,324
21/12/2015,15,8,2,6,4,2,100,76,42,1036,1032,1028,18,10,6,10,3,,0,5,,333
22/12/2015,16,8,0,6,3,-1,100,78,36,1038,1033,1030,31,12,5,10,5,,0,,,344
23/12/2015,15,8,0,5,2,-1,100,78,35,1035,1031,1028,31,12,3,10,5,23,0,,,343
24/12/2015,11,6,0,5,2,-1,100,84,54,1034,1030,1028,18,8,4,10,5,,0,,,360
25/12/2015,14,6,-2,6,2,-2,100,83,45,1036,1032,1031,14,5,2,14,5,,0,,Fog,349
26/12/2015,12,6,-1,6,2,-2,100,87,56,1037,1033,1031,14,7,3,11,5,,0,5,,348
27/12/2015,14,7,-1,6,2,-2,100,77,30,1035,1030,1027,31,14,5,14,6,,0,8,Fog,38
28/12/2015,15,8,2,8,4,1,100,78,34,1031,1027,1023,31,14,8,27,8,45,0.51,7,Rain,243
29/12/2015,11,8,5,9,7,5,100,89,66,1034,1030,1026,31,9,0,14,8,32,2.03,5,Fog-Rain,190
30/12/2015,9,8,6,7,6,5,93,87,70,1034,1029,1025,19,10,6,14,5,34,0,6,,256
31/12/2015,12,10,7,10,8,7,100,90,70,1027,1025,1024,31,8,2,14,6,,0.25,6,Rain,313
